申论题ID,年份,考试类型,地区/系统,卷别/类别,题号,子题号,题型一级,题型二级,题干_V3可用版,作答要求_V3可用版,材料范围,分值,字数要求,主题标签,关联材料编号,来源文件,V3置信度,V3清洗动作,V3问题标记
SL-00009,2015,省考,广州,通用卷,1,,文章写作,大作文/议论文,当前一些地方政府在城市设施建设中频频遭遇邻避困难，请你写一篇议论文，分析这一问题出现的原因。,"1、参考给定材料，可不拘泥于材料。
2、题目自拟，观点明确，条理清晰，逻辑严密，论证充分，语言流畅。
3、不要大段摘抄材料。
4、作答在答题卡的指定位置（作答在其他问题上的一律无效）。
5、字数在1200-1500字（计入标点与空格）。",，,,1200-1500字,城市治理,广州-2015-未知-M40,2015年广州市公务员考试《申论》真题及参考答案.pdf,高,通过强清洗，可进入候选池,
SL-00010,2016,省考,广州,通用卷,1,,文章写作,大作文/议论文,请以“公共舆论中的公共理性”为主题写一篇议论文。,"(1)参考“给定材料”，可不拘泥于材料；
（2）题目自拟，观点明确，条理清晰，逻辑严密，论证充分，语言流畅；
（3）不必提供政策或改进政府工作的建议；
（4）不要大段摘抄材料；
（5）作答时必须用黑色墨水的签字笔或钢笔在答题卡的指定位置作答，作答在其他位置上的一律
无效；
（6）字数在1200-1500字(计入标点与空格)。",,1,1200-1500字,,,2016年广州市公务员考试《申论》真题及参考答案.pdf,高,通过强清洗，可进入候选池,
SL-00011,2017,省考,广州,通用卷,1,,文章写作,大作文/议论文,请根据全部给定材料，以“广州：传承与发展”为题目，写作一篇议论文。,"（1）观点明确，条理清晰，逻辑严密，论证充分，语言流畅。
（2）不必提供对策。
（3）不要大段摘抄材料。
（4）作答时必须用黑色墨水的签字笔或钢笔，在答题卡的指定位置作答，作答在其他位置上一律
无效。
（5）篇幅在1500字—1800字（计入标点与空格）。",，,1,篇幅在1500字—1800字,,,2017年广州公务员考试《申论》真题卷（单考区）及参考答案.pdf,高,通过强清洗，可进入候选池,
SL-00012,2017,省考,广州,通用卷,1,,文章写作,大作文/议论文,阅读9则材料，以“透视春节之变”为主题，写一篇议论文字数：1500-1800字。,"（1）题目自拟、观点正确、条理清晰、逻辑严密。
（2）不必提供对策。
（3）不要大段摘抄材料
（4）作答时必须用黑色墨水的签字笔或钢笔，在答题卡的指定位置作答，作答在其他位置上一律
无效。
（5）篇幅在1500-1800字之间（计入标点与空格）。",，,1,1500-1800字,,,2017年广州公务员考试《申论》真题卷（双考区）及参考答案.pdf,高,通过强清洗，可进入候选池,
SL-00013,2018,省考,广州,通用卷,1,,文章写作,大作文/议论文,"请深入思考给定材料10中划线句：“但愿苍生俱饱暖，不辞辛苦出山林”，联系“放管服”
改革实践，自选角度，自拟题目，写一篇议论文。","1.依据给定材料，可不拘泥于给定材料。
2.观点明确，论证充分，条理清晰，逻辑严密，语言流畅。
3.不必提供对策。
4.不要大段摘抄材料。
5.作答时必须用黑色墨水的签字笔或钢笔，在答题卡的指定位置作答，作答在其他位置上一律无效。",10；，,,,基层治理；群众工作；经济发展,,2018年广州公务员考试《申论》真题卷及答案（一）.pdf,高,通过强清洗，可进入候选池,
SL-00014,2018,省考,广州,通用卷,1,,文章写作,大作文/议论文,请以“回乡”为主题，自拟题目，写一篇议论文，谈谈对乡村振兴战略的认识。,"1、依据给定材料，可不拘泥于给定材料。
2、观点明确，论证充分，条理清晰，逻辑严密，语言流畅。
3、不必提供对策。
4、不要大段摘抄材料。
5、作答时必须用黑色墨水的签字笔或钢笔，在答题卡的指定位置作答，作答在其他位置上
一律无效。
6、篇幅在1200字-1500字（计入标点与空格）。",，,,篇幅在1200字-1500字,基层治理；乡村振兴；城市治理,,2018年广州公务员考试《申论》真题卷及答案（二）.pdf,高,通过强清洗，可进入候选池,
SL-00015,2007,国考,国考,通用卷,1,1,贯彻执行,应用文/事务文书,根据“给定材料1、2”的内容，整理一份供有关负责同志参阅的材料。（30分）,概述全面，观点鲜明，条理清楚，语言流畅，不超过500字。,1、2,30,不超过500字,,国考-2007-未知-M1；国考-2007-未知-M7；国考-2007-未知-M2；国考-2007-未知-M3；国考-2007-未知-M6,2007年国家录用公务员考试《申论》真题卷及答案.pdf,高,通过强清洗，可进入候选池,
SL-00016,2007,国考,国考,通用卷,1,2,综合分析,解释评价/启示分析,“给定材料7”提出了“持续土地利用管理”的问题。请结合“给定材料3—7”，谈谈对“持续土地利用管理”应从哪些方面评价。（15）,分条作答，简明扼要，不超过200字。,7；3—7,15,不超过200字,乡村振兴,国考-2007-未知-M1；国考-2007-未知-M7；国考-2007-未知-M2；国考-2007-未知-M3；国考-2007-未知-M6,2007年国家录用公务员考试《申论》真题卷及答案.pdf,高,通过强清洗，可进入候选池,
SL-00021,2008,国考,国考,通用卷,1,1,综合分析,解释评价/启示分析,在怒江开发水电资源问题上有重大争议。请根据给定材料1-8，指出争议的焦点是什么，并对主张怒江水电开发和反对怒江水电开发的理由分别加以概述（20分）,"指明""焦点""，概述全面，条理清楚，语言流畅，不超过500字",1-8，,20,不超过500字,,国考-2008-未知-M40；国考-2008-未知-M1；国考-2008-未知-M9；国考-2008-未知-M7；国考-2008-未知-M6；国考-2008-未知-M11,2008年国家录用公务员考试《申论》真题卷及答案.pdf,高,通过强清洗，可进入候选池,
SL-00022,2008,国考,国考,通用卷,1,2,综合分析,解释评价/启示分析,请根据给定材料9、10，分析这两个资料对搞好水电开发提供了哪些重要启示（15分）,分析简明扼要，条理清楚，不超过200字,9、10，,15,不超过200字,,国考-2008-未知-M40；国考-2008-未知-M1；国考-2008-未知-M9；国考-2008-未知-M7；国考-2008-未知-M6；国考-2008-未知-M11,2008年国家录用公务员考试《申论》真题卷及答案.pdf,高,通过强清洗，可进入候选池,
SL-00023,2008,国考,国考,通用卷,1,3.1,综合分析,解释评价/启示分析,"本题仅限报考行政执法类、市（地）以下综合管理类职位的考生作答。
""给定材料7""引用了上海某研究所G所长的话，""美国人民把搁浅的鲸鱼推入大海，这值得赞扬；鲸鱼被非洲难民捕食，这也应赞扬，因为它救活了一群人。""请说明，这表达了G所长怎样的观点。（10分）",简明、准确阐释该观点，不超过200字。,7；6,10,不超过200字,法治政府,国考-2008-未知-M40；国考-2008-未知-M1；国考-2008-未知-M9；国考-2008-未知-M7；国考-2008-未知-M6；国考-2008-未知-M11,2008年国家录用公务员考试《申论》真题卷及答案.pdf,高,通过强清洗，可进入候选池,
SL-00024,2008,国考,国考,通用卷,1,3.2,申论综合,待细分,"本题仅限报考行政执法类、市（地）以下综合管理类职位的考生作答。
""给定材料6""引述了某学报C主编提出的意见。请你站在水电规划部门的立场，对C主编的意见做出
答复（15分）",有条理地写出答复内容，有理有据，不考虑行文格式，不超过300字。,7；6,10,不超过200字,法治政府,国考-2008-未知-M40；国考-2008-未知-M1；国考-2008-未知-M9；国考-2008-未知-M7；国考-2008-未知-M6；国考-2008-未知-M11,2008年国家录用公务员考试《申论》真题卷及答案.pdf,高,通过强清洗，可进入候选池,
SL-00025,2008,国考,国考,通用卷,1,4,文章写作,大作文/议论文,"请以""从'怒江水电开发'说开去""为题，写一篇文章（40分）","1．结合给定材料，自选角度。
2．符合题意，观点鲜明，内容充实，结构完整，语言流畅。",，,40,,,国考-2008-未知-M40；国考-2008-未知-M1；国考-2008-未知-M9；国考-2008-未知-M7；国考-2008-未知-M6；国考-2008-未知-M11,2008年国家录用公务员考试《申论》真题卷及答案.pdf,高,通过强清洗，可进入候选池,
SL-00052,2016,国考,国考,省级卷,1,1,提出对策,对策措施,阅读“给定材料2”，概括全国“两会”代表委员们所关注的若干问题，及其所给出的具体建议。（15分）,全面、准确、简明，不超过200字。,2,15,不超过200字,,国考-2016-省级-M2；国考-2016-省级-M6；国考-2016-省级-M4；国考-2016-省级-M5；国考-2016-省级-M3,2016年国家录用公务员考试《申论》真题卷及答案（副省级）.pdf,高,通过强清洗，可进入候选池,
SL-00053,2016,国考,国考,省级卷,1,2,综合分析,解释评价/启示分析,“给定材料6”中说“中国教育技术层面已经走得太快了，‘灵魂’跟不上了。”请根据“给定材料6”，指出这句话的含义。（10分）,全面、准确，不超过150字。,6；6,10,不超过150字,公共服务；文化教育,国考-2016-省级-M2；国考-2016-省级-M6；国考-2016-省级-M4；国考-2016-省级-M5；国考-2016-省级-M3,2016年国家录用公务员考试《申论》真题卷及答案（副省级）.pdf,高,通过强清洗，可进入候选池,
SL-00054,2016,国考,国考,省级卷,1,3,贯彻执行,应用文/事务文书,某美术馆正在策划艺术家黎明的作品展，请根据“给定材料4”，为这一作品展撰写一则导言。（20分）,"（1）围绕黎明的创作宗旨、作品材质及其艺术追求等方面作答；
（2）内容具体、层次分明、语言流畅；
（3）不超过400字。",4,20,不超过400字,,国考-2016-省级-M2；国考-2016-省级-M6；国考-2016-省级-M4；国考-2016-省级-M5；国考-2016-省级-M3,2016年国家录用公务员考试《申论》真题卷及答案（副省级）.pdf,高,通过强清洗，可进入候选池,
SL-00055,2016,国考,国考,省级卷,1,4,文章写作,大作文/议论文,"某区一所中学举办“文明素养教育主题宣传周”活动，假如你是该区文明办的负责人，校
方请你在这次活动的开幕式上讲话。请结合“给定材料5”，写一篇题为“素质养成，从学会道谢
和应对致谢开始”的讲话稿。（20分）","（1）内容具体，符合实际；
（2）对象明确，切合题意；
（3）语言生动，有感染力；
（4）不超过500字。",5,20,不超过500字,公共服务；文化教育,国考-2016-省级-M2；国考-2016-省级-M6；国考-2016-省级-M4；国考-2016-省级-M5；国考-2016-省级-M3,2016年国家录用公务员考试《申论》真题卷及答案（副省级）.pdf,高,通过强清洗，可进入候选池,
SL-00057,2016,国考,国考,地市级卷,1,1,贯彻执行,应用文/事务文书,请你根据“给定材料1”的内容，将与会人员关于“好政策”的有关见解，汇总整理成一份简报。（20分）,"（1）内容全面，紧扣材料；
（2）观点明确，简明扼要；
（3）语言流畅，条理清晰；
（4）不考虑格式要求，不超过400字。",1,20,不超过400字,,国考-2016-市级-M1；国考-2016-市级-M2；国考-2016-市级-M3；国考-2016-市级-M4,2016年国家录用公务员考试《申论》真题卷及答案（地市级）.pdf,高,通过强清洗，可进入候选池,
SL-00058,2016,国考,国考,地市级卷,1,2,归纳概括,概括要点,请你根据“给定材料2”，列出H市政府办理“市长信箱”群众来信的基流程和要求。（20分）,紧扣材料，全面准确，条理清晰，不超过300字。,2；，,20,不超过300字,基层治理；群众工作,国考-2016-市级-M1；国考-2016-市级-M2；国考-2016-市级-M3；国考-2016-市级-M4,2016年国家录用公务员考试《申论》真题卷及答案（地市级）.pdf,高,通过强清洗，可进入候选池,
SL-00059,2016,国考,国考,地市级卷,1,3,综合分析,解释评价/启示分析,"根据“给定材料3”，回答下列问题。
（1）T县政府出台的规定引发了社会热议。请你分析引发热议的主要原因有哪些。（10分）","全面，准确，简明。不超过150字。
（2）对于T县政府出台的规定，网友们有的赞成，有的反对。请你对网友们的意见进行梳理，
概括他们赞成和反对的主要理由。（10分）
要求：紧扣材料，全面准确，条理清晰。不超过300字。",3；，,10,不超过150字,,国考-2016-市级-M1；国考-2016-市级-M2；国考-2016-市级-M3；国考-2016-市级-M4,2016年国家录用公务员考试《申论》真题卷及答案（地市级）.pdf,高,通过强清洗，可进入候选池,
SL-00060,2016,国考,国考,地市级卷,1,4,文章写作,大作文/议论文,"“给定材料4”中提到：“从某种意义上说，好的政策不仅仅是对公民意愿的满足，更是
对公民理性乃至德性的滋养。”请你从对这句话引发的思考说开去，写一篇文章。（40分）","（1）自选角度，自拟题目，见解明确、深刻；
（2）思路明晰，语言流畅；
（3）参考“给定",4,40,,,国考-2016-市级-M1；国考-2016-市级-M2；国考-2016-市级-M3；国考-2016-市级-M4,2016年国家录用公务员考试《申论》真题卷及答案（地市级）.pdf,高,通过强清洗，可进入候选池,
SL-00061,2017,国考,国考,地市级卷,1,,文章写作,大作文/议论文,"请根据你对这句话的思考，参考给定材料，自拟题目，写
一篇文章。（40分）","（1）中心明确，思想深刻；（2）内容充实，有说服力；（3）语言流畅，1000字
左右。 【思路点破：本题也是从给定材料中摘录一句话，要求考生展开思考，结合材料写文章。考生应阐明
“互相补长取短，用一盏灯点燃另一盏灯，300多年前，德国先哲莱布尼茨对中西方文明这样期待”这句话的
内涵，再从原因、意义、对策等角度展开论证。】
第二步——阅读题干找到文章的主题和写作角度（具体方法见答题思路）
逻辑结构上，任何申论文章都可以从“是什么（内涵、问题等）——为什么（作用、意义、原因等）——
怎么办（对策）”三个方面展开思考和论述。【这些要素都是你可以提出论点角度，具体选那个，要根据题目
和材料】。注：整个文章大的架构可以这样写，也可以每个分论点以这样的逻辑结构去写，在考试中要在题目
及材料的基础上，根据最好写的、自己最擅长的角度入手。
就本题而言，考试时，按是什么-为什么-怎么办打开思路，至少要确定几点：
1、是什么：解释出这句话的含义很重要，决定文章的成败，应在文章开头就直接了当的解释清楚。“只要
我们能",，,40,,文化教育,国考-2017-市级-M2；国考-2017-市级-M3；国考-2017-市级-M4；国考-2017-市级-M5；国考-2017-市级-M1,2017年国家录用公务员考试《申论》真题卷及答案（地市级）（含解析共20面）.pdf,高,通过强清洗，可进入候选池,
SL-00072,2018,国考,国考,地市级卷,1,,综合分析,解释评价/启示分析,"请根据“给定材料2”，分析他为什么感到压力很大。（10
分）","（1）全面、准确，有条理；
（2）不超过200字。",2；4；3,20,不超过200字,城市治理；经济发展,国考-2018-市级-M1；国考-2018-市级-M2；国考-2018-市级-M4；国考-2018-市级-M3；国考-2018-市级-M5；国考-2018-市级-M6,2018年国家录用公务员考试《申论》真题卷及答案（地市级）.pdf,高,通过强清洗，可进入候选池,
SL-00095,2022,国考,国考,省级卷,1,1,综合分析,解释评价/启示分析,根据“给定材料 1”，请你谈谈 W 公司的案例为企业科技创新提供了哪些启示。（10 分）,分析全面、条理清晰，不超过200 字。,1,10,不超过200字,科技创新,国考-2022-省级-M1；国考-2022-省级-M2；国考-2022-省级-M4；国考-2022-省级-M5,2022年国家公考《申论》真题（副省级）及参考答案.pdf,高,通过强清洗，可进入候选池,
SL-00096,2022,国考,国考,省级卷,1,2,提出对策,对策措施,"根据“给定材料 2”，请你谈谈 G 省在推进粮食产业发展中遇到了哪些问题，并注意说明这些问
题都是如何解决的。（15 分）",提炼准确，归纳合理；层次分明，分条表述；不超过300 字。,2,15,不超过300字,经济发展,国考-2022-省级-M1；国考-2022-省级-M2；国考-2022-省级-M4；国考-2022-省级-M5,2022年国家公考《申论》真题（副省级）及参考答案.pdf,高,通过强清洗，可进入候选池,
SL-00097,2022,国考,国考,省级卷,1,3,申论综合,待细分,"为进一步开发乡村旅游产业，临诗村所在的向江县计划举办“畅游美丽渔村，感受渔家文化”临
诗村专场推介会。假如你是该县文化旅游局工作人员，请你草拟一份宣传材料。（20 分）",紧扣材料，内容全面，条理清晰，语言生动，不超过500 字。,，,20,不超过500字,基层治理；乡村振兴；文化教育,国考-2022-省级-M1；国考-2022-省级-M2；国考-2022-省级-M4；国考-2022-省级-M5,2022年国家公考《申论》真题（副省级）及参考答案.pdf,高,通过强清洗，可进入候选池,
SL-00098,2022,国考,国考,省级卷,1,4,申论综合,待细分,"根据“给定材料 4”，谈谈为什么说“未来学校”是“在更高的教育境界上来思考学校发展”，又是从
哪些方面体现？（20 分）",全面、准确、有条理，不超过400 字。,4,20,不超过400字,公共服务；文化教育,国考-2022-省级-M1；国考-2022-省级-M2；国考-2022-省级-M4；国考-2022-省级-M5,2022年国家公考《申论》真题（副省级）及参考答案.pdf,高,通过强清洗，可进入候选池,
SL-00099,2022,国考,国考,省级卷,1,5,文章写作,大作文/议论文,"给定材料5 中说“今天的思维和播种，决定了我们未来的收获”，请结合对这句话的理解，参考
材料，联系实际，自选角度，自拟题目，写一篇文章。（35 分）","观点明确，见解深刻；参考给定材料，但不拘泥于材料；思路清晰，语言流畅；字数
1000-1200",5；，；，,35,,,国考-2022-省级-M1；国考-2022-省级-M2；国考-2022-省级-M4；国考-2022-省级-M5,2022年国家公考《申论》真题（副省级）及参考答案.pdf,高,通过强清洗，可进入候选池,
SL-00104,2025,国考,国考,省级卷,1,1,申论综合,待细分,"""给定材料1""中提到了三条“黄河”。请你谈一谈这三条“黄河”分别指什么，并说明它们
是如何协同发挥作用的。（15分）",全面、准确、有条理。不超过350字。,1,15,不超过350字,,国考-2025-省级-M1；国考-2025-省级-M2；国考-2025-省级-M3；国考-2025-省级-M4,2025年国家公务员考试《申论》题（副省级）及参考答案.pdf,高,通过强清洗，可进入候选池,
SL-00105,2025,国考,国考,省级卷,1,2,综合分析,解释评价/启示分析,"请根据""给定材料2""，谈一谈你对划线句子“只有慢慢发展，慢慢成熟，蓦然回首才会发
现：不是产业，竟是产业”的理解。 （10分）",全面、准确、条理清晰。不超过300字。,2,10,不超过300字,经济发展,国考-2025-省级-M1；国考-2025-省级-M2；国考-2025-省级-M3；国考-2025-省级-M4,2025年国家公务员考试《申论》题（副省级）及参考答案.pdf,高,通过强清洗，可进入候选池,
SL-00106,2025,国考,国考,省级卷,1,3,文章写作,大作文/议论文,"今州粮仓计划在本园区入口处设立宣传展板，请你根据""给定材料3""为展板拟写一篇文稿，
宣传介绍粮仓的“前世今生”。（20分）",（1）紧扣材料，内容全面；（2）条理清晰，语言生动；（3）不超过400字。,3；，,20,不超过400字,,国考-2025-省级-M1；国考-2025-省级-M2；国考-2025-省级-M3；国考-2025-省级-M4,2025年国家公务员考试《申论》题（副省级）及参考答案.pdf,高,通过强清洗，可进入候选池,
SL-00107,2025,国考,国考,省级卷,1,4,提出对策,对策措施,"如果你是青溪县数据局工作人员，请根据""给定材料4""，梳理青溪县数据标注企业发展中的
问题，并提出进一步推动该县数据标注产业发展的建议。（20分）","（1）问题梳理全面、准确，有条理；（2）所提建议有针对性，切实可行；（3）层次分
明，有逻辑性；（4）不超过400字。",4,20,不超过400字,科技创新；经济发展,国考-2025-省级-M1；国考-2025-省级-M2；国考-2025-省级-M3；国考-2025-省级-M4,2025年国家公务员考试《申论》题（副省级）及参考答案.pdf,高,通过强清洗，可进入候选池,
SL-00109,2025,国考,国考,地市级卷,1,1,申论综合,待细分,"请根据""给定材料1""，谈谈宣化城市传统葡萄园的“生态实践智慧”体现在哪些方面。
（10分）",全面、准确、有条理。不超过200字。,1,10,不超过200字,生态环保；城市治理,国考-2025-市级-M1；国考-2025-市级-M2；国考-2025-市级-M3；国考-2025-市级-M4,2025年国家公务员考试《申论》题（地市级）及参考答案.pdf,高,通过强清洗，可进入候选池,
SL-00110,2025,国考,国考,地市级卷,1,2,综合分析,解释评价/启示分析,"""给定材料2""介绍了虑远科技与新杭市埠西区政府合力治水的事例。请你谈谈在这一事例
中，政府与企业是如何通过良性互动实现成功治水的。（15分）",理解准确，内容全面，逻辑清晰。不超过300字。,2,15,不超过300字,科技创新,国考-2025-市级-M1；国考-2025-市级-M2；国考-2025-市级-M3；国考-2025-市级-M4,2025年国家公务员考试《申论》题（地市级）及参考答案.pdf,高,通过强清洗，可进入候选池,
SL-00111,2025,国考,国考,地市级卷,1,3,提出对策,对策措施,"假如你是“林票2.0”改革工作组成员，请根据""给定材料3""，梳理长青市林票制改革已取
得的成效并提出进一步深化改革的建议。（20分）","（1）紧扣资料，全面具体；（2）所提建议有针对性、切实可行；（3）层次分明，有逻
辑性；（4）不超过450字。",3；，,20,不超过450字,,国考-2025-市级-M1；国考-2025-市级-M2；国考-2025-市级-M3；国考-2025-市级-M4,2025年国家公务员考试《申论》题（地市级）及参考答案.pdf,高,通过强清洗，可进入候选池,
SL-00112,2025,国考,国考,地市级卷,1,4,提出对策,对策措施,"假如你是S市政协委员，准备提交一份“关于助推‘元科普’，促进科普与科研共发展的提
案”。请根据""给定材料4""，拟写“提案案由”和“建议”两部分的内容。（20分）",理由充分，建议明确可行，条理清晰。不超过500字。,4,20,不超过500字,,国考-2025-市级-M1；国考-2025-市级-M2；国考-2025-市级-M3；国考-2025-市级-M4,2025年国家公务员考试《申论》题（地市级）及参考答案.pdf,高,通过强清洗，可进入候选池,
SL-00114,2025,国考,国考,通用卷,1,1,归纳概括,概括要点,"请根据""给定材料1""，概括A市积极促进高科技企业和新兴产业发展的主要做法。（10分）",全面、准确，有条理，不超过250字。,1,10,不超过250字,科技创新；经济发展,国考-2025-未知-M1；国考-2025-未知-M2；国考-2025-未知-M3；国考-2025-未知-M4；国考-2025-未知-M5,2025年国家公务员考试《申论》题（行政执法卷）及参考答案.pdf,高,通过强清洗，可进入候选池,
SL-00115,2025,国考,国考,通用卷,1,2,综合分析,解释评价/启示分析,"""给定材料2""中提到“S市总工会工作的优化，真正实现了以职工需求推动服务的新格局”，
请说明S市总工会是如何实现这种新格局的。（15分）",理解准确，内容全面，逻辑清晰，不超过250字。,2,15,不超过250字,,国考-2025-未知-M1；国考-2025-未知-M2；国考-2025-未知-M3；国考-2025-未知-M4；国考-2025-未知-M5,2025年国家公务员考试《申论》题（行政执法卷）及参考答案.pdf,高,通过强清洗，可进入候选池,
SL-00116,2025,国考,国考,通用卷,1,3,申论综合,待细分,"为使夜市管理工作更加规范，B市大帆夜市综合服务办公室计划编写一份“平安夜市安全巡
查工作指南”供工作人员使用。根据""给定材料3""，请你草拟工作中的工作事项及其相应工作内容。
（20分）","（1）紧扣资料，内容全面；（2）工作事项明确，工作内容具体；（3）层次分明，条目
清晰，语言简洁；（4）不超过500字。",3；，,20,不超过500字,,国考-2025-未知-M1；国考-2025-未知-M2；国考-2025-未知-M3；国考-2025-未知-M4；国考-2025-未知-M5,2025年国家公务员考试《申论》题（行政执法卷）及参考答案.pdf,高,通过强清洗，可进入候选池,
SL-00117,2025,国考,国考,通用卷,1,4,贯彻执行,应用文/事务文书,"""给定材料4""中的指导组完成现场指导后，拟向西瑞药业负责人当面谈话反馈。请你根据
“给定材料4”，拟写一份谈话内容提纲。（20分）","（1）成效、问题梳理全面、准确；（2）所提改进建议具体明确，切实可行；（3）语言
简洁，条理清晰；（4）字数不超过450字。",4；4,20,不超过450字,,国考-2025-未知-M1；国考-2025-未知-M2；国考-2025-未知-M3；国考-2025-未知-M4；国考-2025-未知-M5,2025年国家公务员考试《申论》题（行政执法卷）及参考答案.pdf,高,通过强清洗，可进入候选池,
SL-00120,2009,省考,安徽,通用卷,2,,综合分析,解释评价/启示分析,"以“材料一”内容，假定你是人大代表赵xx，在提交的议案中需陈述整治凤山路的理由，
请用简洁的短语，概括出无证摊贩导致凤山路“脏乱差”具体表现的六个方面。",,一,,,生态环保,安徽-2009-未知-M30,2009年安徽省公务员考试《申论》真题及参考答案.pdf,高,通过强清洗，可进入候选池,截断后置列点答案
SL-00125,2009,省考,安徽,通用卷,5,,贯彻执行,应用文/事务文书,"假定“材料三”是某市城管局编发的一份简报中的三个简讯，请为此写一则能体现编者意
图的250字左右的“编者按”。",,三,,250字左右,基层治理；生态环保；科技创新,安徽-2009-未知-M30,2009年安徽省公务员考试《申论》真题及参考答案.pdf,高,通过强清洗，可进入候选池,截断后置答案/解析/范文
SL-00131,2010,省考,安徽,通用卷,2,,文章写作,大作文/议论文,"写作题设置为“根据给定材料三中B市旅游局通报的
事件和当前旅游业的相关情况，为积极响应B市人民政府开展以整治‘零团费’为主要内
容，加强旅游市场管理的专项活动，请以B市某旅行社的名义向全市旅行社发一份倡议书。
(50分)”,即写作题为一篇公文型文章，",,三,50,,文化教育；经济发展,安徽-2010-未知-M30,2010年安徽省公务员考试《申论》（B卷）真题及参考答案.pdf,高,通过强清洗，可进入候选池,截断后置答案/解析/范文
SL-00132,2010,省考,安徽,通用卷,3,,综合分析,解释评价/启示分析,"请仔细阅读资料，用简洁的文字揭示“零团费”旅游的实质及造成的主要危
害。（不得多于150字）18分",,，,18,,文化教育,安徽-2010-未知-M30,2010年安徽省公务员考试《申论》（B卷）真题及参考答案.pdf,高,通过强清洗，可进入候选池,截断后置答案/解析/范文
SL-00133,2010,省考,安徽,通用卷,4,,归纳概括,概括要点,"阅读给定材料三，在答题卡相应位置，从三个方面分别用一句话归纳“零团
费”旅游中设置的陷阱",,三，,,,文化教育,安徽-2010-未知-M30,2010年安徽省公务员考试《申论》（B卷）真题及参考答案.pdf,高,通过强清洗，可进入候选池,截断后置答案/解析/范文
SL-00134,2010,省考,安徽,通用卷,5,,综合分析,解释评价/启示分析,"在给定材料四中，老陈认为欺客、宰客等不良现象都和导游有关，而根本却
不在于导游，海南的畸形发展，都是零团费惹的祸。请对上述观点进行评述，要求有理有
据，逻辑严谨，分析恰当。（不得超过400字）23分",,四；，,23,,,安徽-2010-未知-M30,2010年安徽省公务员考试《申论》（B卷）真题及参考答案.pdf,高,通过强清洗，可进入候选池,截断后置答案/解析/范文
SL-00135,2010,省考,安徽,通用卷,6,,贯彻执行,应用文/事务文书,"根据给定材料三中B市旅游局通报的事件和当前旅游业的相关情况，为积极
响应B市人民政府开展以整治“零团费”为主要内容，加强旅游市场管理的专项活动，请
以B市某旅行社的名义向全市旅行社发一份倡议书。（50分）",,三；三,50,,文化教育；经济发展,安徽-2010-未知-M30,2010年安徽省公务员考试《申论》（B卷）真题及参考答案.pdf,高,通过强清洗，可进入候选池,截断后置答案/解析/范文
SL-00137,2012,省考,安徽,通用卷,2,,归纳概括,概括要点,"说明的共同问题： 一、微博公益已成为公众参与慈善捐助的主要渠道； 二、微博捐助参
与人数多，单位捐助数额都较小，捐助总额数量大。",,,,,,安徽-2012-未知-M40,2012年安徽省公务员考试《申论》（B卷）真题及参考答案.pdf,高,通过强清洗，可进入候选池,
SL-00143,2013,省考,安徽,通用卷,1,,申论综合,待细分,"，中心明确，思想深刻，内容充实，有说服力及语言流畅，另外注意作答字数不少
于800字。",,,,,科技创新；经济发展,安徽-2013-未知-M40；安徽-2013-未知-M1；安徽-2013-未知-M4；安徽-2013-未知-M3；安徽-2013-未知-M6；安徽-2013-未知-M7；安徽-2013-未知-M2,2013年413公务员联考《申论》（安徽B卷）真题及参考答案.pdf,高,通过强清洗，可进入候选池,
SL-00150,2015,省考,安徽,通用卷,1,,文章写作,大作文/议论文,"请根据“给定材料1”，概括“创客运动”在中国迅猛发展所产生的积极效果。
[","（1）准确全面；（2）分条表述；（3）语言简洁，200字以内]（18分）
（三）某市╳╳区政府网站于近期开辟了一个“新变化 新风尚”专栏。假设你是该网站的一名工作
人员，领导指派你去某居民小区进行采访，而“给定材料5”列举的事例是你采访所得的原始材料。请将此
整理成一篇新闻稿，发表在区政府网站的该专栏里。
[要求：（1）主题明确，重点突出；（2）简明扼要，概括性强；（3）标题自拟，结构完整；（4）450
—500字]（22分）
（四）从“给定材料”可以看出，随着社会发展进步，很多“习惯”发生了改变。请你以“习惯的是
是非非”为题，撰写一篇不少于800字的文章。
[要求：（1）中心明确，思想深刻；（2）内容充实，论证有力；（3）思路清晰，语言流畅]（45分）",1；5,18,450—500字,城市治理,安徽-2015-未知-M40；安徽-2015-未知-M2；安徽-2015-未知-M6；安徽-2015-未知-M7；安徽-2015-未知-M1；安徽-2015-未知-M5,2015年425公务员联考《申论》（安徽B卷）真题及参考答案.pdf,高,通过强清洗，可进入候选池,
SL-00156,2016,省考,安徽,通用卷,1,1,综合分析,解释评价/启示分析,根据给定材料1、2，概括当代社会中“90”后群体开展创业的优势。（15分）,内容全面、观点明确、语言简洁。不超过200字。,1、2，,15,不超过200字,,安徽-2016-未知-M1；安徽-2016-未知-M4；安徽-2016-未知-M3；安徽-2016-未知-M7,2016年423公务员联考《申论》（安徽B卷）真题及参考答案.pdf,高,通过强清洗，可进入候选池,
SL-00157,2016,省考,安徽,通用卷,1,2.1,综合分析,解释评价/启示分析,解释说明“社会创业”这一概念。（8分）,用一个长句揭示概念的内涵，不超过100字。,7，,8,不超过100字,,安徽-2016-未知-M1；安徽-2016-未知-M4；安徽-2016-未知-M3；安徽-2016-未知-M7,2016年423公务员联考《申论》（安徽B卷）真题及参考答案.pdf,高,通过强清洗，可进入候选池,
SL-00158,2016,省考,安徽,通用卷,1,2.2,归纳概括,概括要点,归纳“社会创业家”所具有的主要特质。,全面准确，分点准确，分点表述，简明扼要，150字左右。（12分）,7，,8,不超过100字,,安徽-2016-未知-M1；安徽-2016-未知-M4；安徽-2016-未知-M3；安徽-2016-未知-M7,2016年423公务员联考《申论》（安徽B卷）真题及参考答案.pdf,高,通过强清洗，可进入候选池,
SL-00159,2016,省考,安徽,通用卷,1,3,文章写作,大作文/议论文,"XX大学网页“创业指导”专栏拟刊发一篇文章，向C市就业指导中心发了约稿函。假定你是该就
业指导中心的攥稿人，请根据给定材料3并联系“创业成功是一个小概率事件”这句话，写作这篇500字左
右的稿件。（25分）",针对性强，建议可行，条理清楚，表达简洁。,3,25,,公共服务,安徽-2016-未知-M1；安徽-2016-未知-M4；安徽-2016-未知-M3；安徽-2016-未知-M7,2016年423公务员联考《申论》（安徽B卷）真题及参考答案.pdf,高,通过强清洗，可进入候选池,
SL-00160,2016,省考,安徽,通用卷,1,4,文章写作,大作文/议论文,"英国探险家乔治·马洛里曾参加了人类前三次攀登珠峰的尝试。当随队记者问及“你为什么要攀
登珠峰”时他说：“因为山在那里”。请理解这句话的深意，从给定材料出发，联系实际，以“创业者心
中的山”为题写一篇800字左右的文章。(40分)","(1)中心明确，思想深刻;
(2)内容充实，论证有力;
(3)参考给定材料，但不拘泥于给定材料;
(4)结构完整，思路清晰，语言",，,40,800字左右,,安徽-2016-未知-M1；安徽-2016-未知-M4；安徽-2016-未知-M3；安徽-2016-未知-M7,2016年423公务员联考《申论》（安徽B卷）真题及参考答案.pdf,高,通过强清洗，可进入候选池,
SL-00161,2017,省考,安徽,通用卷,1,1,综合分析,解释评价/启示分析,根据资料3，概括当前社会上求快风气产生的原因（15分）。,全面、准确、简明、有条理，不超过200字。,3，,15,不超过200字,,安徽-2017-未知-M3；安徽-2017-未知-M4；安徽-2017-未知-M1；安徽-2017-未知-M2；安徽-2017-未知-M5；安徽-2017-未知-M8；安徽-2017-未知-M6；安徽-2017-未知-M7,2017年422公务员联考《申论》（安徽A卷）真题答案及解析.pdf,高,通过强清洗，可进入候选池,
SL-00162,2017,省考,安徽,通用卷,1,2,归纳概括,概括要点,"给定材料4介绍了D公司应对车市“发展新趋势”取得成果的一些做法，请从中归纳出若干条经验，
以供其他企业借鉴。（20分）","（1）分成几个方面，以“在……方面，……。主要体现为……”的表达形式，分条列出；（2）准
确全面，简洁明了；（3）不超过300字。",4,20,不超过300字,,安徽-2017-未知-M3；安徽-2017-未知-M4；安徽-2017-未知-M1；安徽-2017-未知-M2；安徽-2017-未知-M5；安徽-2017-未知-M8；安徽-2017-未知-M6；安徽-2017-未知-M7,2017年422公务员联考《申论》（安徽A卷）真题答案及解析.pdf,高,通过强清洗，可进入候选池,
SL-00163,2017,省考,安徽,通用卷,1,3,贯彻执行,应用文/事务文书,"为推进休闲生活旅游城市建设，A市政府准备召开市民代表、专家学者参加的座谈会，市长将在会上
作开篇讲话，请你结合资料1和2，为市长草拟一份会议讲话提纲（25分）。",切合主题，内容具体，有针对性；条理清楚，层次分明，结构完整；450字左右。,1和2，,25,450字左右,城市治理；文化教育,安徽-2017-未知-M3；安徽-2017-未知-M4；安徽-2017-未知-M1；安徽-2017-未知-M2；安徽-2017-未知-M5；安徽-2017-未知-M8；安徽-2017-未知-M6；安徽-2017-未知-M7,2017年422公务员联考《申论》（安徽A卷）真题答案及解析.pdf,高,通过强清洗，可进入候选池,
SL-00164,2017,省考,安徽,通用卷,1,4,文章写作,大作文/议论文,参考给定材料，以“平衡”为话题，自拟标题，自选角度，写一篇议论文章（40分）。,立意明确、思路清晰、语言流畅；联系实际，不拘泥于“给定材料”。1000—1200字。,，,40,1000—1200字,,安徽-2017-未知-M3；安徽-2017-未知-M4；安徽-2017-未知-M1；安徽-2017-未知-M2；安徽-2017-未知-M5；安徽-2017-未知-M8；安徽-2017-未知-M6；安徽-2017-未知-M7,2017年422公务员联考《申论》（安徽A卷）真题答案及解析.pdf,高,通过强清洗，可进入候选池,
SL-00166,2017,省考,安徽,通用卷,1,1,归纳概括,概括要点,根据材料3，概括该景区调整旅游发展供给侧方案的主要内容。（15分）,全面、准确、简明，有条理，不超过200字。,3，,15,不超过200字,文化教育,安徽-2017-未知-M3；安徽-2017-未知-M4；安徽-2017-未知-M1；安徽-2017-未知-M2；安徽-2017-未知-M5；安徽-2017-未知-M8；安徽-2017-未知-M6；安徽-2017-未知-M7,2017年422公务员联考《申论》（安徽B卷）真题答案及解析.pdf,高,通过强清洗，可进入候选池,
SL-00167,2017,省考,安徽,通用卷,1,2,归纳概括,概括要点,"给定材料4介绍了D公司应对车市“发展新趋势”取得成果的一些做法，请从中归纳出若干条经验，
以供其他企业借鉴。（20分）","（1）分成几个方面，以“在……方面，……。主要体现为……”的表达形式，分条列出；（2）准
确全面，简洁明了；（3）不超过300字。",4,20,不超过300字,,安徽-2017-未知-M3；安徽-2017-未知-M4；安徽-2017-未知-M1；安徽-2017-未知-M2；安徽-2017-未知-M5；安徽-2017-未知-M8；安徽-2017-未知-M6；安徽-2017-未知-M7,2017年422公务员联考《申论》（安徽B卷）真题答案及解析.pdf,高,通过强清洗，可进入候选池,
SL-00168,2017,省考,安徽,通用卷,1,3,贯彻执行,应用文/事务文书,"假定你是B市教育部门工作人员，请将给定材料5整理成一份关于超前、速成教育现状的情况简报，
以供领导参考。（25分）",紧扣资料，内容全面，有针对性；结构完整，层次分明，有逻辑性；450字左右。,5；，,25,450字左右,公共服务；文化教育,安徽-2017-未知-M3；安徽-2017-未知-M4；安徽-2017-未知-M1；安徽-2017-未知-M2；安徽-2017-未知-M5；安徽-2017-未知-M8；安徽-2017-未知-M6；安徽-2017-未知-M7,2017年422公务员联考《申论》（安徽B卷）真题答案及解析.pdf,高,通过强清洗，可进入候选池,
SL-00169,2017,省考,安徽,通用卷,1,4,文章写作,大作文/议论文,参考给定材料，以“平衡”为话题，自拟标题，自选角度，写作一篇文章。（40分）,立意明确，联系实际，不拘泥于给定材料，思路清晰，语言流畅。总字数800-1000字。,，；，,40,800-1000字,,安徽-2017-未知-M3；安徽-2017-未知-M4；安徽-2017-未知-M1；安徽-2017-未知-M2；安徽-2017-未知-M5；安徽-2017-未知-M8；安徽-2017-未知-M6；安徽-2017-未知-M7,2017年422公务员联考《申论》（安徽B卷）真题答案及解析.pdf,高,通过强清洗，可进入候选池,
SL-00170,2017,省考,安徽,通用卷,2,,综合分析,解释评价/启示分析,根据资料4，分析D公司成立应对新常态的主要经验。（20分）,"1.全面、准确、简
明；2.条理清晰；3.不超过250字。",4，,20,不超过250字,,安徽-2017-未知-M3；安徽-2017-未知-M4；安徽-2017-未知-M1；安徽-2017-未知-M2；安徽-2017-未知-M5；安徽-2017-未知-M8；安徽-2017-未知-M6；安徽-2017-未知-M7,2017年422公务员联考《申论》（安徽B卷）真题答案及解析.pdf,高,通过强清洗，可进入候选池,
SL-00173,2018,省考,安徽,通用卷,1,,文章写作,大作文/议论文,请根据【给定材料2】，用简洁的语言概括“互联网协同消费经济”存在的一些问题。,"(1)全面准确;(2)分条概括;(3)不超过150字。（15分）
问题二、【给定材料3】具体介绍了我国两家企业在新经济环境下谋求发展获得成功的做法，请从中
归纳总结出若干条经验，以资其他企业借鉴。
要求：(1)准确全面，体现普适性;(2)分条列出，简洁明了;(3)不超过250字。（20分）
问题三、某省出版发行集团拟召开部分下属企业负责人参加的座谈会，集团总经理将在会上就“推进
企业在信息化时代下转型升级”作主旨讲话，请结合【给定材料4】提供的有益启示，为总经理草拟一份
讲话提纲。
要求：(1)针对性强，内容全面;(2)条理清楚，层次分明;(3)简明扼要，450字左右。（25分）
问题四、有知名学者说，“当一件件文物、一幅幅幅佳作走出高墙深闺，来到寻常百姓中间，虽然它
的容颜依旧，它的价值却早已跨越了市场定位，带给百姓的不仅仅是自豪，还有自信，让他们更加坚定地
沿着自己民族的道路走向未来。”(见【给定材料6】划线部分)请根据对这段文字的理解、自拟标题，自
选角度，写一篇1000~1200字的文章。",2；3；4,15,不超过150字,生态环保；科技创新；经济发展,安徽-2018-未知-M2；安徽-2018-未知-M3；安徽-2018-未知-M4；安徽-2018-未知-M6；安徽-2018-未知-M1；安徽-2018-未知-M5,2018年公务员多省联考《申论》真题（安徽A卷）及参考答案.pdf,高,通过强清洗，可进入候选池,
SL-00182,2023,省考,安徽,通用卷,1,1,提出对策,对策措施,根据“给定材料1”，请概括A市为优化营商环境采取了哪些措施、取得了哪些成效。（15分）,"（1）准确全面；
（2）分条列出；
（3）成效与措施相对应；
（4）不超过200字。",1,15,不超过200字,生态环保,安徽-2023-未知-M1；安徽-2023-未知-M2；安徽-2023-未知-M3；安徽-2023-未知-M4,2023年公务员多省联考《申论》真题及答案（安徽A卷）.pdf,高,通过强清洗，可进入候选池,
SL-00183,2023,省考,安徽,通用卷,1,2,综合分析,解释评价/启示分析,请结合“给定材料2”，谈谈你对“新局蕴新机，新机生新局”这句话的理解。（20分）,"（1）理解准确；
（2）分析透彻；
（3）简明扼要；
（4）不超过300字。",2,20,不超过300字,,安徽-2023-未知-M1；安徽-2023-未知-M2；安徽-2023-未知-M3；安徽-2023-未知-M4,2023年公务员多省联考《申论》真题及答案（安徽A卷）.pdf,高,通过强清洗，可进入候选池,
SL-00184,2023,省考,安徽,通用卷,1,3,文章写作,大作文/议论文,"假设你是C市老龄办工作人员，请根据“给定材料3”，以“让‘鸿沟’变‘红利’，一个都不能少”
为题，为本市《老龄报》写一篇宣传报道稿。（25分）","（1）紧扣资料，内容全面；
（2）条理清晰，语言流畅；
（3）不超过500字。",3；，,25,不超过500字,,安徽-2023-未知-M1；安徽-2023-未知-M2；安徽-2023-未知-M3；安徽-2023-未知-M4,2023年公务员多省联考《申论》真题及答案（安徽A卷）.pdf,高,通过强清洗，可进入候选池,
SL-00185,2023,省考,安徽,通用卷,1,4,文章写作,大作文/议论文,"“给定材料4”中提到“现代让传统更亲切鲜活，传统让现代更丰富厚重”，请结合你对这句话的理
解，参考给定材料，联系实际，自选角度，自拟题目，写一篇议论文。（40分）","（1）立意鲜明，观点正确；
（2）思路清晰，语言流畅；
（3）参考“给定材料”，但不拘泥于“给定材料”；
（4）1000-1200字。",4；，,40,1000-1200字,,安徽-2023-未知-M1；安徽-2023-未知-M2；安徽-2023-未知-M3；安徽-2023-未知-M4,2023年公务员多省联考《申论》真题及答案（安徽A卷）.pdf,高,通过强清洗，可进入候选池,
SL-00186,2023,省考,安徽,通用卷,1,,归纳概括,概括要点,"第⼀题
根据“给定材料1”，请谈谈E县在规范⼩微权⼒运⾏⽅⾯都有哪些做法。（15分）","（1）准确全⾯；
（2）分条列出；
（3）不超过200字。",1；2,15,不超过200字,基层治理；乡村振兴；文化教育,安徽-2023-未知-M1；安徽-2023-未知-M2；安徽-2023-未知-M3；安徽-2023-未知-M4,2023年公务员多省联考《申论》真题及答案（安徽B卷）.pdf,高,通过强清洗，可进入候选池,
SL-00187,2023,省考,安徽,通用卷,2,,贯彻执行,应用文/事务文书,"Q县开发区党⼯委拟召开专题会议，听取“货⻋司机之家”建设⼯作汇报。假设你是“货⻋司机之家”⼯作专班负责
⼈，请根据“给定材料3”，起草⼀份汇报材料提纲。（25分）","（1）紧扣资料，内容准确；
（2）条理清晰，语⾔流畅；
（3）不少于600字。",3；，,25,不少于600字,,安徽-2023-未知-M1；安徽-2023-未知-M2；安徽-2023-未知-M3；安徽-2023-未知-M4,2023年公务员多省联考《申论》真题及答案（安徽B卷）.pdf,高,通过强清洗，可进入候选池,
SL-00192,2023,省考,安徽,通用卷,1,1,提出对策,对策措施,根据“给定材料1”，请谈谈N市采取了哪些措施推进基层普法工作。（20分）,"（1）准确全面；
（2）分条列出；
（3）不超过300字。",1,20,不超过300字,基层治理,安徽-2023-未知-M1；安徽-2023-未知-M2；安徽-2023-未知-M3；安徽-2023-未知-M4,2023年公务员多省联考《申论》真题及答案（安徽C卷）.pdf,高,通过强清洗，可进入候选池,
SL-00193,2023,省考,安徽,通用卷,1,2,归纳概括,概括要点,"“给定材料2”中介绍了桃花县市场监管局亲商助企、开展“菜单式”服务的做法，请概括其主要经
验。（20分）","（1）紧扣资料，内容全面；
（2）分条列出，简洁明了；
（3）不超过300字。",2；，,20,不超过300字,经济发展,安徽-2023-未知-M1；安徽-2023-未知-M2；安徽-2023-未知-M3；安徽-2023-未知-M4,2023年公务员多省联考《申论》真题及答案（安徽C卷）.pdf,高,通过强清洗，可进入候选池,
SL-00194,2023,省考,安徽,通用卷,1,3,申论综合,待细分,"S县住建局拟进一步宣传农村自建房建设规范要求，请根据“给定材料3”，以县住建局的名义草拟一
份《农村自建房建设规范告知书》。（25分）","（1）紧扣资料，针对性强；
（2）条理清晰，语言流畅；
（3）格式规范，文体性强；
（4）不超过500字。",3；，,25,不超过500字,基层治理；乡村振兴,安徽-2023-未知-M1；安徽-2023-未知-M2；安徽-2023-未知-M3；安徽-2023-未知-M4,2023年公务员多省联考《申论》真题及答案（安徽C卷）.pdf,高,通过强清洗，可进入候选池,
SL-00195,2023,省考,安徽,通用卷,1,4,申论综合,待细分,"阳春县农村黑臭水体治理工作入选全省生态环境治理典型案例汇编。请根据“给定材料4”，为阳春
县拟写一份案例介绍材料。（35分）","（1）紧扣资料，内容全面；
（2）特色鲜明，亮点突出；
（3）条理清晰，语言流畅；
（4）不少于800字。",4；，,35,不少于800字,基层治理；乡村振兴；生态环保,安徽-2023-未知-M1；安徽-2023-未知-M2；安徽-2023-未知-M3；安徽-2023-未知-M4,2023年公务员多省联考《申论》真题及答案（安徽C卷）.pdf,高,通过强清洗，可进入候选池,
SL-00198,2008,省考,河南,通用卷,1,.1,综合分析,解释评价/启示分析,"请根据给定材料，分析由“初次分配注意效率，再分配注重公平”向“初次分配和再分
配都要处理好效率和公平的关系，再分配更加注重公平’’转变的积极意义。(30分)",条理清楚，语言流畅，不超过500字。,，；，；，,20,不超过300字,,河南-2008-未知-M1；河南-2008-未知-M2；河南-2008-未知-M3；河南-2008-未知-M4；河南-2008-未知-M5；河南-2008-未知-M6；河南-2008-未知-M7；河南-2008-未知-M8；河南-2008-未知-M9；河南-2008-未知-M10,2008年河南省公务员考试《申论》真题及答案.pdf,高,通过强清洗，可进入候选池,
SL-00199,2008,省考,河南,通用卷,1,.2,文章写作,大作文/议论文,请根据给定材料，就政府在维护社会公平中的作用，写一篇议论文。(50分),"参考给定材料，自选角度，自拟标题，观点明确，内容充实，结构完整，语言流畅，
字数1000～1200字。
2008 年河南省录用公务员考试《申论》真题",，；，；，,20,不超过300字,,河南-2008-未知-M1；河南-2008-未知-M2；河南-2008-未知-M3；河南-2008-未知-M4；河南-2008-未知-M5；河南-2008-未知-M6；河南-2008-未知-M7；河南-2008-未知-M8；河南-2008-未知-M9；河南-2008-未知-M10,2008年河南省公务员考试《申论》真题及答案.pdf,高,通过强清洗，可进入候选池,
SL-00201,2010,省考,河南,通用卷,1,,文章写作,大作文/议论文,"（一）认真阅读给定材料，简要概括山西省煤炭资源整合过程中出现的几种主要争议。（15
分）","简洁，准确，200字以内。
（二）“给定材料7”提到，山西煤炭资源整合是场大进小退、优进劣退的改革，请结合资
料内容，谈谈这一观点得出的主要依据。（20分）
要求：观点明确，条理清晰，具有针对性。300字以内。
（三）结合“给定材料10”中“东梁煤矿被低价转让”这一事例，指出煤炭资源整合应从
中吸取哪些教训？（25分）
要求：概括准确，条理清楚，具有针对性。300字以内。
（四）围绕“给定材料2”提到的“朔州途径”，写一篇议论文。（40分）
要求：
（1）参考给定材料内容，自选角度，自拟标题；
（2）观点鲜明，分析深刻，逻辑严谨，表达流畅；
（3）总字数1000—1200字。",，；7；10,15,1000—1200字,,河南-2010-未知-M7；河南-2010-未知-M10；河南-2010-未知-M2,2010年918公务员联考《申论》卷及参考答案（福建、辽宁、河南、海南、山西、内蒙、重庆、陕西、宁夏、青海、西藏）.pdf,高,通过强清洗，可进入候选池,
SL-00202,2011,省考,河南,通用卷,1,,贯彻执行,应用文/事务文书,"（一）假定给定材料1~6是你在调查研究中获取的信息，请你依据这些资料归纳出一份情况
汇报提纲，以供领导参阅。（20分）",分条归纳，内容全面，表述准确，逻辑清晰；不超过400字。,1~6；7~9，；，,20,不超过400字,,河南-2011-未知-M1；河南-2011-未知-M7,2011年917公务员联考《申论》卷及参考答案（福建、河南、重庆、甘肃、新疆）.pdf,高,通过强清洗，可进入候选池,
SL-00203,2012,省考,河南,通用卷,1,,文章写作,大作文/议论文,"请根据你对这句话的思考，参考给定材料，自拟题目，
写一篇文章。（40分）","（1）中心明确，思想深刻；
（2）内容充实，有说服力；
（3）语言流畅，1000字左右。",，,40,1000字左右,,河南-2012-未知-M7；河南-2012-未知-M3,2012年915公务员联考《申论》卷及参考答案（福建、河南、重庆、吉林、陕西）.pdf,高,通过强清洗，可进入候选池,
SL-00208,2014,省考,河南,通用卷,1,4,贯彻执行,应用文/事务文书,"过度包装问题严重。茶叶、化妆品等产品包装所占比例较大，产生大量包装品垃圾。
3.假如你是X镇负责垃圾分类、处理工作的一名工作人员，请结合“给定材料9”，起草一
个关于垃圾分类、处理的经验介绍提纲。（20分）",观点明确，层次清楚，不要求格式。不超过250字。,9,20,不超过250字,生态环保,河南-2014-未知-M7；河南-2014-未知-M2；河南-2014-未知-M9；河南-2014-未知-M6；河南-2014-未知-M8；河南-2014-未知-M3；河南-2014-未知-M4；河南-2014-未知-M5,2014年927公务员考试联考《申论》真题（河南、甘肃卷）及参考答案.pdf,高,通过强清洗，可进入候选池,
SL-00209,2015,省考,河南,通用卷,1,1,归纳概括,概括要点,"近年来各地在推进社会治理创新方面，进行了体制机制、方式方法的多种有益探
索，请结合给定材料对此进行梳理概括。（25分）",准确、全面、有概括性，不超过400字。,,25,不超过400字,科技创新,河南-2015-未知-M1；河南-2015-未知-M4；河南-2015-未知-M6,2015年河南省公务员考试《申论》真题及参考答案.pdf,高,通过强清洗，可进入候选池,
SL-00210,2015,省考,河南,通用卷,1,2,综合分析,解释评价/启示分析,"请深入分析理解“给定材料4”中黑体字“完全依靠政府部门去逐个打击，又将
是怎样一个不可能完成的任务”的含义？（15分）",分析深入，条理清晰、语言简练，不超过250字。,4,15,不超过250字,,河南-2015-未知-M1；河南-2015-未知-M4；河南-2015-未知-M6,2015年河南省公务员考试《申论》真题及参考答案.pdf,高,通过强清洗，可进入候选池,
SL-00211,2015,省考,河南,通用卷,1,3,提出对策,对策措施,"请结合“给定材料6”，就X市政府该如何妥善处理“幼儿园喂药事件”，提出
建议。（20分）",建议措施内容全面、可操作性强，条理清楚，不超过300字。,6,20,不超过300字,,河南-2015-未知-M1；河南-2015-未知-M4；河南-2015-未知-M6,2015年河南省公务员考试《申论》真题及参考答案.pdf,高,通过强清洗，可进入候选池,
SL-00212,2015,省考,河南,通用卷,1,4,文章写作,大作文/议论文,"参考给定材料，联系实际，以“从社会管理到社会治理”为副标题，自选角度，
自拟题目，写一篇议论文。（40分）",观点鲜明，内容充实，结构完整，逻辑合理，语言流畅，1000-1200字。,，,40,1000-1200字,,河南-2015-未知-M1；河南-2015-未知-M4；河南-2015-未知-M6,2015年河南省公务员考试《申论》真题及参考答案.pdf,高,通过强清洗，可进入候选池,
SL-00223,2016,省考,河南,通用卷,1,1,归纳概括,概括要点,"结合“给定材料2”，对A市部分农村地区发展过程中存在的问题进行梳理概括。（20
分）",紧扣材料，内容全面；简明扼要，条理清晰；不超过300字。,2；，,20,不超过300字,基层治理；乡村振兴,河南-2016-未知-M2；河南-2016-未知-M3；河南-2016-未知-M5；河南-2016-未知-M6；河南-2016-未知-M4,2016年河南省公务员考试《申论》真题及答案解析.pdf,高,通过强清洗，可进入候选池,
SL-00224,2016,省考,河南,通用卷,1,2,综合分析,解释评价/启示分析,"请分析“给定材料3”中提及的两种乡村治理模式在管理理念、价值取向和实施效果上
的不同之处。（20分）",全面、准确、深入；不超过250字。,3,20,不超过250字,基层治理；乡村振兴,河南-2016-未知-M2；河南-2016-未知-M3；河南-2016-未知-M5；河南-2016-未知-M6；河南-2016-未知-M4,2016年河南省公务员考试《申论》真题及答案解析.pdf,高,通过强清洗，可进入候选池,
SL-00225,2016,省考,河南,通用卷,1,3,提出对策,对策措施,"假如你是被派往Y市考察的X市“市长热线受理平台”的工作人员，请结合“给定材料
5和给定材料6”，给领导写一份改进工作的建议。（20分）",条理清晰；有针对性；不考虑格式；不超过300字。,5和；6,20,不超过300字,,河南-2016-未知-M2；河南-2016-未知-M3；河南-2016-未知-M5；河南-2016-未知-M6；河南-2016-未知-M4,2016年河南省公务员考试《申论》真题及答案解析.pdf,高,通过强清洗，可进入候选池,
SL-00226,2016,省考,河南,通用卷,1,4,文章写作,大作文/议论文,"请深入理解“给定材料4”中黑体字“茶风就是作风”的含义，并联系实际，自选角度，
自拟题目，写一篇议论文。（40分）","观点鲜明，内容充实，结构完整，逻辑合理，语言流畅，1000~1200字。
2016 年河南公务员考试《申论》卷",4,40,1000~1200字,,河南-2016-未知-M2；河南-2016-未知-M3；河南-2016-未知-M5；河南-2016-未知-M6；河南-2016-未知-M4,2016年河南省公务员考试《申论》真题及答案解析.pdf,高,通过强清洗，可进入候选池,
SL-00229,2017,省考,河南,通用卷,1,3,文章写作,大作文/议论文,"精神实质：精益求精、志向远大、持续勤奋。
4.“给定材料6”中提到“一旦新的思维方式建立起来，许多旧问题就会自动消失。”请
结合你对这句话的思考，参考“给定材料”，联系实际，自拟题目，写一篇文章。（40分）",观点明确，内容充实，结构完整，语言流畅；总字数1000-1200字。,6,40,1000-1200字,,河南-2017-未知-M40；河南-2017-未知-M1；河南-2017-未知-M2；河南-2017-未知-M3；河南-2017-未知-M4；河南-2017-未知-M5；河南-2017-未知-M6,2017年河南公务员考试《申论》真题及答案.pdf,高,通过强清洗，可进入候选池,
SL-00232,2018,省考,河南,通用卷,1,3,文章写作,大作文/议论文,"精神实质：精益求精、志向远大、持续勤奋。
4.“给定材料 6”中提到“一旦新的思维方式建立起来，许多旧问题就会自
动消失。”请结合你对这句话的思考，参考“给定材料”，联系实际，自拟题
目，写一篇文章。（40 分）",观点明确，内容充实，结构完整，语言流畅；总字数 1000-1200 字。,6,40,1000-1200字,,河南-2018-未知-M40；河南-2018-未知-M1；河南-2018-未知-M2；河南-2018-未知-M3；河南-2018-未知-M4；河南-2018-未知-M5；河南-2018-未知-M6,2018年年河南公务员考试申论真题与参考答案.pdf,高,通过强清洗，可进入候选池,
SL-00243,2022,省考,河南,通用卷,1,1,综合分析,解释评价/启示分析,"请问：在画韵坊社区邻里中心建设中，钟楼街道办事处的做法给你带来哪些启示？（20
分）",紧扣材料，全面准确，层次分明，有概括性，不超过350字。,，,20,不超过350字,基层治理,河南-2022-未知-M2；河南-2022-未知-M3；河南-2022-未知-M4,2022年公务员多省联考《申论》（河南乡镇卷）题及参考答案.pdf,高,通过强清洗，可进入候选池,
SL-00244,2022,省考,河南,通用卷,1,2,综合分析,解释评价/启示分析,请结合“给定材料2”，分析理解“铁脚板”和“小切口”的含义。(20分）,全面，准确，深入。不超过300字。,2,20,不超过300字,,河南-2022-未知-M2；河南-2022-未知-M3；河南-2022-未知-M4,2022年公务员多省联考《申论》（河南乡镇卷）题及参考答案.pdf,高,通过强清洗，可进入候选池,
SL-00245,2022,省考,河南,通用卷,1,3,归纳概括,概括要点,"请根据“给定材料3”，对M市和N市在开展生态环境保护跨区域合作方面的举措进行
梳理概括。（20分）",全面准确、条理清晰，有概括性。不超过250字。,3,20,不超过250字,生态环保,河南-2022-未知-M2；河南-2022-未知-M3；河南-2022-未知-M4,2022年公务员多省联考《申论》（河南乡镇卷）题及参考答案.pdf,高,通过强清洗，可进入候选池,
SL-00246,2022,省考,河南,通用卷,1,4,文章写作,大作文/议论文,"“给定材料 4”中两处提到“纽带”，请深入理解其含义，并以此为话题，联系现实，
自拟题目，写一篇文章。（40分）","观点明确，见解深刻；参考给定材料，但不拘泥于给定材料；思路清晰，语言流畅；
总字数800-1000字。",4；，,40,800-1000字,基层治理,河南-2022-未知-M2；河南-2022-未知-M3；河南-2022-未知-M4,2022年公务员多省联考《申论》（河南乡镇卷）题及参考答案.pdf,高,通过强清洗，可进入候选池,
SL-00247,2023,省考,河南,县级卷,1,1,贯彻执行,应用文/事务文书,"石桥街道办易主任被邀请参加全市先进街道创建经验交流会。请根据“给定材料1”，为他拟写一份
发言提纲。（20分）",准确简明、条理清晰、有概括性；不超过300字。,1,20,不超过300字,,河南-2023-县级-M1；河南-2023-县级-M2；河南-2023-县级-M3；河南-2023-县级-M4；河南-2023-县级-M5,2023年公务员多省联考《申论》真题（河南县级卷）及参考答案.pdf,高,通过强清洗，可进入候选池,
SL-00248,2023,省考,河南,县级卷,1,2,综合分析,解释评价/启示分析,请根据“给定材料2”，对比分析A镇、B镇两种探索的发展理念、路径选择的不同之处。（20分）,全面、准确、深入、有条理；不超过300字。,2,20,不超过300字,,河南-2023-县级-M1；河南-2023-县级-M2；河南-2023-县级-M3；河南-2023-县级-M4；河南-2023-县级-M5,2023年公务员多省联考《申论》真题（河南县级卷）及参考答案.pdf,高,通过强清洗，可进入候选池,
SL-00249,2023,省考,河南,县级卷,1,3,归纳概括,概括要点,"S县通过“强链、补链、延链”实现了产业链式发展。请根据“给定材料3”，梳理概括其主要做法。
（20分）",全面准确，条理清晰，有概括性；不超过300字。,3,20,不超过300字,经济发展,河南-2023-县级-M1；河南-2023-县级-M2；河南-2023-县级-M3；河南-2023-县级-M4；河南-2023-县级-M5,2023年公务员多省联考《申论》真题（河南县级卷）及参考答案.pdf,高,通过强清洗，可进入候选池,
SL-00250,2023,省考,河南,县级卷,1,4,综合分析,解释评价/启示分析,"请结合“给定材料4”，谈谈你对画线句子“‘近邻’为基、‘聚邻’为要、‘惠邻’为本”的理解。
（20分）",全面、准确、深入，有条理；不超过400字。,4,20,不超过400字,,河南-2023-县级-M1；河南-2023-县级-M2；河南-2023-县级-M3；河南-2023-县级-M4；河南-2023-县级-M5,2023年公务员多省联考《申论》真题（河南县级卷）及参考答案.pdf,高,通过强清洗，可进入候选池,
SL-00251,2023,省考,河南,县级卷,1,5,提出对策,对策措施,"市政府召集相关部门开会，专题研讨夜市摆摊的禁放问题。请你结合“给定材料5”中的调研情况，
代表街道提出工作建议。（20分）",定位准确、观点明确、建议合理；不超过400字。,5,20,不超过400字,,河南-2023-县级-M1；河南-2023-县级-M2；河南-2023-县级-M3；河南-2023-县级-M4；河南-2023-县级-M5,2023年公务员多省联考《申论》真题（河南县级卷）及参考答案.pdf,高,通过强清洗，可进入候选池,
SL-00252,2023,省考,河南,地市级卷,1,1,贯彻执行,应用文/事务文书,请结合“给定材料1”，为参加座谈会的市领导拟写一份总结发言稿。（20分）,定位准确，内容全面，不考虑格式；不超过400字。,1,20,不超过400字,,河南-2023-市级-M1；河南-2023-市级-M2；河南-2023-市级-M3；河南-2023-市级-M6,2023年公务员多省联考《申论》真题（河南市级卷）及参考答案.pdf,高,通过强清洗，可进入候选池,
SL-00253,2023,省考,河南,地市级卷,1,2,归纳概括,概括要点,"多年来，为当好企业的“引路人、推车手、服务员”，J市不断推出新举措，请根据“给定材料2”，
对此进行梳理概括。（20分）",全面准确，条理清晰，有概括性；不超过300字。,2,20,不超过300字,,河南-2023-市级-M1；河南-2023-市级-M2；河南-2023-市级-M3；河南-2023-市级-M6,2023年公务员多省联考《申论》真题（河南市级卷）及参考答案.pdf,高,通过强清洗，可进入候选池,
SL-00254,2023,省考,河南,地市级卷,1,3,综合分析,解释评价/启示分析,请结合“给定材料3”，谈谈你对画线词语“新阶段”的理解。（20分）,准确、深入、有条理；不超过300字。,3,20,不超过300字,,河南-2023-市级-M1；河南-2023-市级-M2；河南-2023-市级-M3；河南-2023-市级-M6,2023年公务员多省联考《申论》真题（河南市级卷）及参考答案.pdf,高,通过强清洗，可进入候选池,
SL-00255,2023,省考,河南,地市级卷,1,4,文章写作,大作文/议论文,"“给定材料6”提到“在大变局的喧嚣中始终坚守住‘本分’，切实增强好‘本领’，不断突破创新，
推动高质量发展的步伐就能坚实稳健，我们就能走向广阔的未来”，请结合对这句话的理解，联系实际，
自选角度，自拟题目，写一篇文章。（40分）","观点明确，见解深刻，思路清晰，结构完整，语言流畅；参考给定材料，但不拘泥于给定材料；
1000-1200字。",6；，,40,1000-1200字,科技创新,河南-2023-市级-M1；河南-2023-市级-M2；河南-2023-市级-M3；河南-2023-市级-M6,2023年公务员多省联考《申论》真题（河南市级卷）及参考答案.pdf,高,通过强清洗，可进入候选池,
SL-00256,2007,省考,江苏,通用卷,1,,归纳概括,概括要点,请根据给定材料的内容，以好秘书的名义整理一份供与会者讨论参考的会议材料。,概括准确，条理清楚；篇幅不少于400字。（25分）,,25,不少于400字,,江苏-2007-未知-M40,2007年江苏公务员考试《申论》真题及解析.pdf,高,通过强清洗，可进入候选池,
SL-00257,2007,省考,江苏,通用卷,2,,申论综合,待细分,根据给定材料的信息，你认为应当如何处置职业乞丐这一社会群体？,条理清晰，做法得当，篇幅不少于100字。（10分）,,10,不少于100字,,江苏-2007-未知-M40,2007年江苏公务员考试《申论》真题及解析.pdf,高,通过强清洗，可进入候选池,
SL-00258,2007,省考,江苏,通用卷,3,,提出对策,对策措施,假如你是会议的参加者，你将提出哪些完善社会救助的措施？,内容不少于5个方面，有针对性，切实可行，篇幅不少于200字。（15分）,,15,不少于200字,,江苏-2007-未知-M40,2007年江苏公务员考试《申论》真题及解析.pdf,高,通过强清洗，可进入候选池,
SL-00259,2007,省考,江苏,通用卷,4,,文章写作,大作文/议论文,"请参考给定材料，结合自己的感想，自拟题目，写一篇演讲稿。（此篇演讲稿不需
署名，凡署名者成绩无效）","观点明晰，说理明白，情感丰富，有鼓动性，篇幅不少于1000字。（50分）
2007年江苏省录用公务员考试《申论》",，,50,不少于1000字,,江苏-2007-未知-M40,2007年江苏公务员考试《申论》真题及解析.pdf,高,通过强清洗，可进入候选池,
SL-00264,2008,省考,江苏,通用卷,1,,综合分析,解释评价/启示分析,"假如你是“给定材料6”中所说的参加“四海论道”的中国经济年度人物之一，赴
世界各地向人们表述真实的“中国制造”。请你写一份能够全面概括给定材料主要观点的发言提
纲。(24分)",概述全面，条理清楚，语言准确；篇幅为350——400字。,6,24,,经济发展,江苏-2008-未知-M40；江苏-2008-未知-M6；江苏-2008-未知-M3,2008年江苏公务员考试《申论》真题及解析.pdf,高,通过强清洗，可进入候选池,
SL-00265,2008,省考,江苏,通用卷,2,,提出对策,对策措施,"针对“给定材料3”中所提到的第一个“落后”效应，请你结合给定材料，提出相
应的对策。（20分）",针对性强，方法可行，篇幅不少于200字。,3；，,20,不少于200字,,江苏-2008-未知-M40；江苏-2008-未知-M6；江苏-2008-未知-M3,2008年江苏公务员考试《申论》真题及解析.pdf,高,通过强清洗，可进入候选池,
SL-00267,2009,省考,江苏,通用卷,1,,提出对策,对策措施,（一）请你归纳出“给定材料”中所蕴含几个方面的内容，并加以概括叙述。（24分）,"归纳得当，概括准确，条理清晰，篇幅350～400字。
（二）请结合“给定材料1、2、3、4”，提出应对我国当前经济形势的几点对策性建议。（20
分）
要求：针对性强，方法可行，语言简洁，篇幅不少于200字。",1、2、3、4；6；，,24,350～400字,公共服务；经济发展,江苏-2009-未知-M40；江苏-2009-未知-M1；江苏-2009-未知-M6,2009年江苏公务员考试《申论》真题及解析.pdf,高,通过强清洗，可进入候选池,
SL-00296,2017,省考,江苏,通用卷,1,.1,提出对策,对策措施,"假如你是一名村文化工作者，请针对给定材料3中村基层文化中存在的问题，就如何进一步提
升基层文化的精准服务，提出对策和建议。（25分）",措施具体，针对性强，条例清楚，篇幅250字左右。,5；3；，,15,250字左右,基层治理；科技创新；文化教育,江苏-2017-未知-M1；江苏-2017-未知-M2；江苏-2017-未知-M3；江苏-2017-未知-M4；江苏-2017-未知-M5；江苏-2017-未知-M6；江苏-2017-未知-M7,2017年江苏公务员考试《申论》真题（C类卷）及解析.pdf,高,通过强清洗，可进入候选池,
SL-00297,2017,省考,江苏,通用卷,1,.2,归纳概括,概括要点,给定材料呈现了当前基层群众参与文化活动的一些新现象，请对此进行归纳概括。（20分）,紧扣给定材料，精准全面，条理清楚，语言流畅，篇幅不超过250字。,5；3；，,15,250字左右,基层治理；科技创新；文化教育,江苏-2017-未知-M1；江苏-2017-未知-M2；江苏-2017-未知-M3；江苏-2017-未知-M4；江苏-2017-未知-M5；江苏-2017-未知-M6；江苏-2017-未知-M7,2017年江苏公务员考试《申论》真题（C类卷）及解析.pdf,高,通过强清洗，可进入候选池,
SL-00298,2017,省考,江苏,通用卷,1,.3,文章写作,大作文/议论文,"请围绕给定材料7中的基层文化供给侧改革的要求，以“激发群众参与热情，创新文化服务方
式”为主题，联系实际，自拟标题，写一篇议论文。（40分）",不必拘泥于给定材料，符合议论文写作要求，篇幅1000字左右。,5；3；，,15,250字左右,基层治理；科技创新；文化教育,江苏-2017-未知-M1；江苏-2017-未知-M2；江苏-2017-未知-M3；江苏-2017-未知-M4；江苏-2017-未知-M5；江苏-2017-未知-M6；江苏-2017-未知-M7,2017年江苏公务员考试《申论》真题（C类卷）及解析.pdf,高,通过强清洗，可进入候选池,
SL-00326,2023,省考,江苏,通用卷,1,1,归纳概括,概括要点,"“给定材料1-4”中，一些地方和部门借鉴传统文化中的相关智慧赋能现代社会治理，在不同领域取
得了显著成效，请用一段话对此进行归纳概括。（20分）",紧扣给定材料，全面、准确。篇幅不超过250字。,1-4；，,20,不超过250字,文化教育,江苏-2023-未知-M1；江苏-2023-未知-M5；江苏-2023-未知-M6；江苏-2023-未知-M8；江苏-2023-未知-M4,2023年江苏省公考《申论》真题（A类）及参考答案.pdf,高,通过强清洗，可进入候选池,
SL-00327,2023,省考,江苏,通用卷,1,2,综合分析,解释评价/启示分析,"“父母在，不远游，游必有方。”是我国传统文化中的经典语录，请结合“给定材料5”中的事例，
谈谈你对这句话当代内涵的理解和认识。（20分）",观点正确，分析透彻，见解深刻。篇幅250字左右。,5,20,250字左右,文化教育,江苏-2023-未知-M1；江苏-2023-未知-M5；江苏-2023-未知-M6；江苏-2023-未知-M8；江苏-2023-未知-M4,2023年江苏省公考《申论》真题（A类）及参考答案.pdf,高,通过强清洗，可进入候选池,
SL-00328,2023,省考,江苏,通用卷,1,3,申论综合,待细分,"假如你是“给定材料6”中Y市文明办的一名工作人员，请你为即将举办的“微视频大赛”拟写一则
微视频作品征集启事。（20分）",符合给定材料情境，可行性强，要素齐全，条理清楚。篇幅350字左右。,6,20,350字左右,文化教育,江苏-2023-未知-M1；江苏-2023-未知-M5；江苏-2023-未知-M6；江苏-2023-未知-M8；江苏-2023-未知-M4,2023年江苏省公考《申论》真题（A类）及参考答案.pdf,高,通过强清洗，可进入候选池,
SL-00329,2023,省考,江苏,通用卷,1,4,文章写作,大作文/议论文,"请结合你对“给定材料8”中习近平总书记考察殷墟时所作“学习理解中华文明，古为今用”指示精
神的理解，围绕“从传统文化中汲取营养，在时代征程上绽放青春”这一主题，联系实际，写一篇文章。
（40分）","自选角度，自拟标题；参考给定材料，不拘于给定材料；观点明确，内容充实，结构完整；篇
幅1000字左右。",8；，,40,1000字左右,文化教育,江苏-2023-未知-M1；江苏-2023-未知-M5；江苏-2023-未知-M6；江苏-2023-未知-M8；江苏-2023-未知-M4,2023年江苏省公考《申论》真题（A类）及参考答案.pdf,高,通过强清洗，可进入候选池,
SL-00330,2023,省考,江苏,通用卷,1,1,归纳概括,概括要点,"“给定材料1-3”中，列举了执法工作的一些好做法所产生的积极效应，请用一段话对此加以归纳概
括。（20分）",紧扣给定材料，准确全面，条理清晰。篇幅不超过250字。,1-3；，,20,不超过250字,法治政府,江苏-2023-未知-M1；江苏-2023-未知-M5；江苏-2023-未知-M6；江苏-2023-未知-M8；江苏-2023-未知-M4,2023年江苏省公考《申论》真题（B类）及参考答案.pdf,高,通过强清洗，可进入候选池,
SL-00331,2023,省考,江苏,通用卷,1,2,综合分析,解释评价/启示分析,根据“给定材料4”，请你就漾湖生态监管的成功实践，谈谈对做好行政执法工作的启示。（15分）,观点正确，分析透彻，针对性强。篇幅250字左右。,4,15,250字左右,生态环保；法治政府,江苏-2023-未知-M1；江苏-2023-未知-M5；江苏-2023-未知-M6；江苏-2023-未知-M8；江苏-2023-未知-M4,2023年江苏省公考《申论》真题（B类）及参考答案.pdf,高,通过强清洗，可进入候选池,
SL-00332,2023,省考,江苏,通用卷,1,3,提出对策,对策措施,"假如你是“给定材料5”中的小曹，请就如何在Z市K区借力外卖小哥助力食品安全监管提出建议，
供领导决策参考。（25分）",紧扣给定材料，切合实际，可行性强，条理清楚。篇幅350字左右。,5；，,25,350字左右,,江苏-2023-未知-M1；江苏-2023-未知-M5；江苏-2023-未知-M6；江苏-2023-未知-M8；江苏-2023-未知-M4,2023年江苏省公考《申论》真题（B类）及参考答案.pdf,高,通过强清洗，可进入候选池,
SL-00333,2023,省考,江苏,通用卷,1,4,文章写作,大作文/议论文,"党的二十大报告强调了法治建设的重要性，请你结合对“给定材料6”中画线句子的理解，围绕“行
政执法谋善治，良性互动开新局”这一主题，联系实际，写一篇文章。（40分）","（1）自选角度，自拟标题；
（2）参考给定材料，不拘于给定材料；
（3）观点明确，内容充实，结构完整，语言流畅；
（4）篇幅1000字左右。",6；，,40,1000字左右,法治政府,江苏-2023-未知-M1；江苏-2023-未知-M5；江苏-2023-未知-M6；江苏-2023-未知-M8；江苏-2023-未知-M4,2023年江苏省公考《申论》真题（B类）及参考答案.pdf,高,通过强清洗，可进入候选池,
SL-00334,2000,省考,江苏,通用卷,1,1,归纳概括,概括要点,"“给定材料 1-4”列举了阅读活动中的一些新现象，展现了不同群体采用不同方
式在阅读活动中取得的相应收获，请用一段话对此进行归纳概括。(20 分)",紧扣给定材料，全面、准确。篇幅不超过 250字。,1-4；，,20,不超过250字,,江苏-未知-未知-M1；江苏-未知-未知-M5；江苏-未知-未知-M7；江苏-未知-未知-M8；江苏-未知-未知-M2；江苏-未知-未知-M3；江苏-未知-未知-M4；江苏-未知-未知-M6,2024 年公务员江苏省考《申论》题（A卷）及参考答案.pdf,高,通过强清洗，可进入候选池,
SL-00335,2000,省考,江苏,通用卷,1,2,综合分析,解释评价/启示分析,"“给定材料 5-6”中提到的“阅读推广”与“阅读推销”是现实生活中的常见现
象,这两类现象涉及哪些问题?请围绕这些问题谈谈你的认识。(20 分)",归类合理，观点正确，分析透彻，见解深刻。幅 300字左右。,5-6,20,300字左右,,江苏-未知-未知-M1；江苏-未知-未知-M5；江苏-未知-未知-M7；江苏-未知-未知-M8；江苏-未知-未知-M2；江苏-未知-未知-M3；江苏-未知-未知-M4；江苏-未知-未知-M6,2024 年公务员江苏省考《申论》题（A卷）及参考答案.pdf,高,通过强清洗，可进入候选池,
SL-00336,2000,省考,江苏,通用卷,1,3,提出对策,对策措施,"在J省文旅厅 2023 年度“书香支部品质阅读”活动中，紫金图书馆党支部以“‘品
诗词之美扬文化自信’主题党日活动”申报了“最美阅读案例”评比。假如你是J
省文旅厅评比活动的一名评委，将对该案例进行点评，请根据“给定材料 7”，草
拟点评的主要内容。(20 分)",突出特色，内容全面;建议切当，条理清楚。篇幅350字左右。,7,20,350字左右,文化教育,江苏-未知-未知-M1；江苏-未知-未知-M5；江苏-未知-未知-M7；江苏-未知-未知-M8；江苏-未知-未知-M2；江苏-未知-未知-M3；江苏-未知-未知-M4；江苏-未知-未知-M6,2024 年公务员江苏省考《申论》题（A卷）及参考答案.pdf,高,通过强清洗，可进入候选池,
SL-00337,2000,省考,江苏,通用卷,1,4,文章写作,大作文/议论文,"请根据“给定材料 8”中习近平总书记对全民阅读的要求，围绕“诗书满腹拓展
人生，全民阅读引领未来”这一主题，写一篇文章。(40 分)","(1)自选角度，自拟标题;
(2)参考给定材料，不拘于给定材料;
(3)观点明确，内容充实，结构",8；，,40,,,江苏-未知-未知-M1；江苏-未知-未知-M5；江苏-未知-未知-M7；江苏-未知-未知-M8；江苏-未知-未知-M2；江苏-未知-未知-M3；江苏-未知-未知-M4；江苏-未知-未知-M6,2024 年公务员江苏省考《申论》题（A卷）及参考答案.pdf,高,通过强清洗，可进入候选池,
SL-00338,2000,省考,江苏,通用卷,1,1,归纳概括,概括要点,"“给定材料 1-4”中，一些地方和部门在智慧执法方面的创新举措产生了显著成
效，请用一段话对此进行归纳概括。（15 分）",紧扣给定材料，全面、准确，篇幅不超过 250 字。,1-4；，,15,不超过250字,科技创新；法治政府,江苏-未知-未知-M1；江苏-未知-未知-M5；江苏-未知-未知-M7；江苏-未知-未知-M8；江苏-未知-未知-M2；江苏-未知-未知-M3；江苏-未知-未知-M4；江苏-未知-未知-M6,2024 年公务员江苏省考《申论》题（B卷）及参考答案.pdf,高,通过强清洗，可进入候选池,
SL-00339,2000,省考,江苏,通用卷,1,2,综合分析,解释评价/启示分析,"“给定材料 5”中的画线句说“使用‘如意棒’时不忘还有‘紧箍咒’，行政裁
量才能宽严相济、令人信服”，请你谈谈对这句话的理解和认识。（20 分）",观点正确，分析透彻，见解深刻，篇幅250字左右。,5,20,250字左右,法治政府,江苏-未知-未知-M1；江苏-未知-未知-M5；江苏-未知-未知-M7；江苏-未知-未知-M8；江苏-未知-未知-M2；江苏-未知-未知-M3；江苏-未知-未知-M4；江苏-未知-未知-M6,2024 年公务员江苏省考《申论》题（B卷）及参考答案.pdf,高,通过强清洗，可进入候选池,
SL-00340,2000,省考,江苏,通用卷,1,3,贯彻执行,应用文/事务文书,"“给定材料 6”中的 D 市市场监管局拟向全市网络直播从业人员发出倡议。假设
你是该局的一名工作人员，请以D市市场监管局的名义，写一份倡议书。（25 分）",内容充实，针对性强；结构完整，符合文体要求。篇幅400字左右。,6,25,400字左右,经济发展,江苏-未知-未知-M1；江苏-未知-未知-M5；江苏-未知-未知-M7；江苏-未知-未知-M8；江苏-未知-未知-M2；江苏-未知-未知-M3；江苏-未知-未知-M4；江苏-未知-未知-M6,2024 年公务员江苏省考《申论》题（B卷）及参考答案.pdf,高,通过强清洗，可进入候选池,
SL-00341,2000,省考,江苏,通用卷,1,4,文章写作,大作文/议论文,"请结合你对“给定材料 7”中“用智慧给执法‘加分’，以创新促执法‘乘效’”
这句话的理解，联系实际，写一篇文章。（40 分）","（1）自选角度，自拟标题；
（2）参考给定材料，不于给定材料；
（3）观点明确，内容充实，结构完整；
（4）篇幅1000字左右。
第 7 页
2024 年公务员江苏省考《申论》题（B 卷）",7；，,40,1000字左右,科技创新；法治政府,江苏-未知-未知-M1；江苏-未知-未知-M5；江苏-未知-未知-M7；江苏-未知-未知-M8；江苏-未知-未知-M2；江苏-未知-未知-M3；江苏-未知-未知-M4；江苏-未知-未知-M6,2024 年公务员江苏省考《申论》题（B卷）及参考答案.pdf,高,通过强清洗，可进入候选池,
SL-00342,2000,省考,江苏,通用卷,1,1,归纳概括,概括要点,"“给定材料 1-4”中，一些地方采取新举措促进乡村产业发展，取得了可喜成效，
请用一段话对此进行归纳概括。（20分）",紧扣给定材料，全面、准确。篇幅不超过 250 字。,1-4；，,20,不超过250字,基层治理；乡村振兴；经济发展,江苏-未知-未知-M1；江苏-未知-未知-M5；江苏-未知-未知-M7；江苏-未知-未知-M8；江苏-未知-未知-M2；江苏-未知-未知-M3；江苏-未知-未知-M4；江苏-未知-未知-M6,2024 年公务员江苏省考《申论》题（C卷）及参考答案.pdf,高,通过强清洗，可进入候选池,
SL-00343,2000,省考,江苏,通用卷,1,2,综合分析,解释评价/启示分析,"“给定材料 5”中画线句说“群众都由‘旁边看’转变为‘共同干’了”，请对
促成这一转变的原因加以分析。（15分）",观点正确，分析透彻，见解深刻。篇幅 250字左右。,5,15,250字左右,基层治理；群众工作,江苏-未知-未知-M1；江苏-未知-未知-M5；江苏-未知-未知-M7；江苏-未知-未知-M8；江苏-未知-未知-M2；江苏-未知-未知-M3；江苏-未知-未知-M4；江苏-未知-未知-M6,2024 年公务员江苏省考《申论》题（C卷）及参考答案.pdf,高,通过强清洗，可进入候选池,
SL-00344,2000,省考,江苏,通用卷,1,3,贯彻执行,应用文/事务文书,"假如你是“给定材料 6”中的 F 村驻村第一书记小余，请以村“两委”的名义拟
写一封致村民的公开信，动员村民退藕还稻。（25分）",主题明确，结构完整；有针对性，有感召力。篇幅400字左右。,6,25,400字左右,基层治理,江苏-未知-未知-M1；江苏-未知-未知-M5；江苏-未知-未知-M7；江苏-未知-未知-M8；江苏-未知-未知-M2；江苏-未知-未知-M3；江苏-未知-未知-M4；江苏-未知-未知-M6,2024 年公务员江苏省考《申论》题（C卷）及参考答案.pdf,高,通过强清洗，可进入候选池,
SL-00345,2000,省考,江苏,通用卷,1,4,文章写作,大作文/议论文,"假如你是“给定材料 7”中的 J 市区村驻村第一书记小范，培训结束回村后，将
在村“两委”联席会上汇报培训学习的心得体会，请拟写一篇发言稿。（40分）","（1）自选角度，自拟标题；
（2）结合给定材料，符合情境和身份；
（3）内容充实，结构完整，语言流畅；
（4）篇幅 1000字左右。
第 7 页
2024 年公务员江苏省考《申论》题（C 卷）",7；，,40,1000字左右,基层治理,江苏-未知-未知-M1；江苏-未知-未知-M5；江苏-未知-未知-M7；江苏-未知-未知-M8；江苏-未知-未知-M2；江苏-未知-未知-M3；江苏-未知-未知-M4；江苏-未知-未知-M6,2024 年公务员江苏省考《申论》题（C卷）及参考答案.pdf,高,通过强清洗，可进入候选池,
SL-00347,2007,省考,山东,通用卷,1,.2,归纳概括,概括要点,"给定材料表明：“个人网络募捐是一把双刃剑，有利也有弊。”请根据给定材料二所提供的
案例作答。(满分25分)","条理清晰，重点突出，文体得当;字数控制在550字以内。
3、给定材料中提供以下数据：
①2003年人均私人捐款;中国0.92元人民币，美国828.7美元;当年中国和美考试,大收集整
理国的人均收人之比为1。38，而人均慈善捐款之比为1：7300。
②2003年美国167个慈善组织网上筹集9亿多美元，网上捐款数额同比增长了150%。
请针对以上数据，依据给定材料三，进行归纳性述要，并结合自己所知道的事例，说出影响
个人捐助的社会因素。(满分18分)
要求：表述准确，层次分明，引例恰当;字数掌握在400字左右。
4、给定材料提到“网络本身所具有的隐蔽性和不确性，也给网络募捐带来了监管上的难度，
请根据给定材料四、五，联系实际，提出保障个人网络牧",二；三，；四、五，,12,不超过150字,科技创新；群众工作,,2007年山东公务员考试《申论》真题及答案.pdf,高,通过强清洗，可进入候选池,
SL-00348,2007,省考,山东,通用卷,1,.3,归纳概括,概括要点,找出个人网络募捐所面临的突出矛盾和问题，并将其整理成一份《情况反映》。,"条理清晰，重点突出，文体得当;字数控制在550字以内。
3、给定材料中提供以下数据：
①2003年人均私人捐款;中国0.92元人民币，美国828.7美元;当年中国和美考试,大收集整
理国的人均收人之比为1。38，而人均慈善捐款之比为1：7300。
②2003年美国167个慈善组织网上筹集9亿多美元，网上捐款数额同比增长了150%。
请针对以上数据，依据给定材料三，进行归纳性述要，并结合自己所知道的事例，说出影响
个人捐助的社会因素。(满分18分)
要求：表述准确，层次分明，引例恰当;字数掌握在400字左右。
4、给定材料提到“网络本身所具有的隐蔽性和不确性，也给网络募捐带来了监管上的难度，
请根据给定材料四、五，联系实际，提出保障个人网络牧",二；三，；四、五，,12,不超过150字,科技创新；群众工作,,2007年山东公务员考试《申论》真题及答案.pdf,高,通过强清洗，可进入候选池,
SL-00351,2007,省考,山东,通用卷,1,.6,归纳概括,概括要点,"给定材料提到“网络本身所具有的隐蔽性和不确性，也给网络募捐带来了监管上的难度，
请根据给定材料四、五，联系实际，提出保障个人网络牧","条理清晰，重点突出，文体得当;字数控制在550字以内。
3、给定材料中提供以下数据：
①2003年人均私人捐款;中国0.92元人民币，美国828.7美元;当年中国和美考试,大收集整
理国的人均收人之比为1。38，而人均慈善捐款之比为1：7300。
②2003年美国167个慈善组织网上筹集9亿多美元，网上捐款数额同比增长了150%。
请针对以上数据，依据给定材料三，进行归纳性述要，并结合自己所知道的事例，说出影响
个人捐助的社会因素。(满分18分)
要求：表述准确，层次分明，引例恰当;字数掌握在400字左右。
4、给定材料提到“网络本身所具有的隐蔽性和不确性，也给网络募捐带来了监管上的难度，
请根据给定材料四、五，联系实际，提出保障个人网络牧",二；三，；四、五，,12,不超过150字,科技创新；群众工作,,2007年山东公务员考试《申论》真题及答案.pdf,高,通过强清洗，可进入候选池,
SL-00352,2008,省考,山东,通用卷,1,,文章写作,大作文/议论文,"请根据给定材料9～14，联系实际，谈谈“感恩之情如
何更绵长”的话题。","有针对性、可行性，字数控制在400字以内。（满分20分）
（五）请根据你对以上给定材料的理解和体会，在下列题目中任选一题写一篇文章。
1.让世界少一份冷漠，多一份阳光
2.守候.期待.感恩
要求：自定立意，自定文体，观点鲜明，语言流畅，字数掌握在900字左右。（满分35分）
2008 年山东省公务员考试真题《申论》
【",9～14，,20,900字左右,,山东-2008-未知-M1；山东-2008-未知-M4；山东-2008-未知-M5；山东-2008-未知-M9,2008年山东公务员考试《申论》真题及答案.pdf,高,通过强清洗，可进入候选池,
SL-00366,2013,省考,山东,通用卷,1,1,综合分析,解释评价/启示分析,"结合“给定材料2”和“给定材料4”，分析概括国内部分旅游景区“门票经济”发展模
式产生的原因。（15分）",概括准确，内容全面，条理清晰；不超过300字。,2；4,15,不超过300字,文化教育；经济发展,山东-2013-未知-M40；山东-2013-未知-M5；山东-2013-未知-M6；山东-2013-未知-M2；山东-2013-未知-M4；山东-2013-未知-M3；山东-2013-未知-M8；山东-2013-未知-M7,2013年山东公务员考试《申论》真题（B卷）及答案.pdf,高,通过强清洗，可进入候选池,
SL-00367,2013,省考,山东,通用卷,1,2,综合分析,解释评价/启示分析,"“结合资料6”提到国外旅游景区运营管理的一些做法。请简要分析这些做法对我们的
启示。（20分）",分析到位，言简意赅，具有针对性；不超过400字。,6,20,不超过400字,文化教育,山东-2013-未知-M40；山东-2013-未知-M5；山东-2013-未知-M6；山东-2013-未知-M2；山东-2013-未知-M4；山东-2013-未知-M3；山东-2013-未知-M8；山东-2013-未知-M7,2013年山东公务员考试《申论》真题（B卷）及答案.pdf,高,通过强清洗，可进入候选池,
SL-00368,2013,省考,山东,通用卷,1,3,提出对策,对策措施,"假设你是南京市政府相关管理部门的工作人员，请结合“给定材料3”和“给定材料5”，
起草一份上报市政府的文件，就如何学习借鉴“西湖模式”的成功经验，提出促进南京大旅游产
业进一步发展的思路和措施。（25分）",格式规范，思路清晰，措施得当，结构完整；不超过600字。,3；5,25,不超过600字,文化教育,山东-2013-未知-M40；山东-2013-未知-M5；山东-2013-未知-M6；山东-2013-未知-M2；山东-2013-未知-M4；山东-2013-未知-M3；山东-2013-未知-M8；山东-2013-未知-M7,2013年山东公务员考试《申论》真题（B卷）及答案.pdf,高,通过强清洗，可进入候选池,
SL-00369,2013,省考,山东,通用卷,1,4,文章写作,大作文/议论文,"请结合对全部“给定材料”的理解与思考，以《谈“算帐”》为题，写一篇文章。（40
分）",观点鲜明，内容充实，结构完整，语言流畅；900字左右。,,40,900字左右,,山东-2013-未知-M40；山东-2013-未知-M5；山东-2013-未知-M6；山东-2013-未知-M2；山东-2013-未知-M4；山东-2013-未知-M3；山东-2013-未知-M8；山东-2013-未知-M7,2013年山东公务员考试《申论》真题（B卷）及答案.pdf,高,通过强清洗，可进入候选池,
SL-00370,2013,省考,山东,通用卷,1,1.1,归纳概括,概括要点,简要概括当前我国资源型城市经济社会发展面临的主要问题。(10分),概括准确，简明扼要；不超过200字。,,20,不超过200字,城市治理；经济发展,山东-2013-未知-M40；山东-2013-未知-M5；山东-2013-未知-M6；山东-2013-未知-M2；山东-2013-未知-M4；山东-2013-未知-M3；山东-2013-未知-M8；山东-2013-未知-M7,2013年山东公务员考试《申论》真题（C卷）及答案.pdf,高,通过强清洗，可进入候选池,
SL-00372,2013,省考,山东,通用卷,1,2,综合分析,解释评价/启示分析,"“给定材料8”提到了德国鲁尔区经济转型的成功案例。请简要分析说明这个案例对于
促进我国资源型城市经济社会发展提供了哪些有益的启示。(15分)",观点明确，言简意赅，具有针对性；不超过300字。,8,15,不超过300字,城市治理；经济发展,山东-2013-未知-M40；山东-2013-未知-M5；山东-2013-未知-M6；山东-2013-未知-M2；山东-2013-未知-M4；山东-2013-未知-M3；山东-2013-未知-M8；山东-2013-未知-M7,2013年山东公务员考试《申论》真题（C卷）及答案.pdf,高,通过强清洗，可进入候选池,
SL-00373,2013,省考,山东,通用卷,1,3,提出对策,对策措施,"“给定材料7”提到B市经济转型发展过程中重视解决民生问题。请你以B市政府的名
义起草一份文件，向省政府汇报本市经济转型发展过程中切实解决民生问题的做法和经验。(25
分)",格式规范，概述准确，切合题意，结构清晰；不超过600字。,7,25,不超过600字,经济发展,山东-2013-未知-M40；山东-2013-未知-M5；山东-2013-未知-M6；山东-2013-未知-M2；山东-2013-未知-M4；山东-2013-未知-M3；山东-2013-未知-M8；山东-2013-未知-M7,2013年山东公务员考试《申论》真题（C卷）及答案.pdf,高,通过强清洗，可进入候选池,
SL-00374,2013,省考,山东,通用卷,1,4,文章写作,大作文/议论文,"请结合对全部“给定材料”的理解与思考，围绕“资源型城市”的转型发展问题，以《谈
“发展”》为题，写一篇文章。(40分)",观点鲜明，内容充实，结构完整，语言流畅，900字左右。,,40,900字左右,城市治理,山东-2013-未知-M40；山东-2013-未知-M5；山东-2013-未知-M6；山东-2013-未知-M2；山东-2013-未知-M4；山东-2013-未知-M3；山东-2013-未知-M8；山东-2013-未知-M7,2013年山东公务员考试《申论》真题（C卷）及答案.pdf,高,通过强清洗，可进入候选池,
SL-00375,2014,省考,山东,通用卷,1,.1,提出对策,对策措施,"因航班延误纠纷引发的群体性事件，破坏机场正常秩序，威胁民用航空安全，已演
变成为一个社会问题，假如你是一名行政执法人员，请结合给定材料就这一现状提出解决
对策。(20分)",分析准确，内容全面，条理清晰;不超过300字。,5，；3,15,不超过200字,法治政府,山东-2014-未知-M5；山东-2014-未知-M3；山东-2014-未知-M1；山东-2014-未知-M6；山东-2014-未知-M4,2014年山东公务员考试《申论》真题（A卷）及答案.pdf,高,通过强清洗，可进入候选池,
SL-00376,2014,省考,山东,通用卷,1,.2,归纳概括,概括要点,"针对“给定材料3”中K机场在延误事件中所说的各种问题，机场有关部门打算面向
乘客播报一篇广播稿，请代为拟稿。(25分)",内容全面，条理清晰，针对性强;不超过500字。,5，；3,15,不超过200字,法治政府,山东-2014-未知-M5；山东-2014-未知-M3；山东-2014-未知-M1；山东-2014-未知-M6；山东-2014-未知-M4,2014年山东公务员考试《申论》真题（A卷）及答案.pdf,高,通过强清洗，可进入候选池,
SL-00377,2014,省考,山东,通用卷,1,.3,文章写作,大作文/议论文,"航班延误造成旅客、航空、机场等多方“委屈”的现象，请结合对全部给定材料的
理解与思考以《“委屈”的背后》为题，自选角度，写一篇文章。(40分)","(1)观点明确，联系实际;
(2)内容充实，论述深刻;
(3)结构完整，语言流畅;
(4)1000~1200字。",5，；3,15,不超过200字,法治政府,山东-2014-未知-M5；山东-2014-未知-M3；山东-2014-未知-M1；山东-2014-未知-M6；山东-2014-未知-M4,2014年山东公务员考试《申论》真题（A卷）及答案.pdf,高,通过强清洗，可进入候选池,
SL-00395,2018,省考,山东,通用卷,1,,综合分析,解释评价/启示分析,"根据“给定材料2-4”，概括当前我国电动汽车充电桩在使用和运营过程中存在的主要问题。
（15分）","全面、准确、有条理，不超过250个字。
问题二、根据“给定材料5-6”，分析电动汽车销售模式的变化及其给电动汽车市场带来的影响。（20
分）
要求：内容全面、分析透彻、条理清晰，不超过300字。",2-4；5-6；7-8,15,不超过300字,文化教育；经济发展,山东-2018-未知-M2；山东-2018-未知-M5；山东-2018-未知-M7；山东-2018-未知-M8；山东-2018-未知-M6；山东-2018-未知-M1；山东-2018-未知-M3；山东-2018-未知-M4,2018年421联考《申论》真题（山东A卷）及参考答案.pdf,高,通过强清洗，可进入候选池,
SL-00396,2018,省考,山东,通用卷,1,,归纳概括,概括要点,根据“给定材料2-5”，概括当前我国企业在“走出去”中遇到的主要问题。（15分）,全面，准确，有条理，不超过200字。,2-5；6；7,15,不超过200字,,山东-2018-未知-M2；山东-2018-未知-M5；山东-2018-未知-M7；山东-2018-未知-M8；山东-2018-未知-M6；山东-2018-未知-M1；山东-2018-未知-M3；山东-2018-未知-M4,2018年421联考《申论》真题（山东B卷）及参考答案.pdf,高,通过强清洗，可进入候选池,
SL-00399,2019,省考,山东,通用卷,1,1,归纳概括,概括要点,根据“给定材料1”，概括《电子商务法》带来的影响。(15分),全面、准确、有条理；不超过250字。,1,15,不超过250字,,山东-2019-未知-M1；山东-2019-未知-M2；山东-2019-未知-M3；山东-2019-未知-M5；山东-2019-未知-M4,2019年420联考《申论》真题（山东卷A卷）及参考答案.pdf,高,通过强清洗，可进入候选池,
SL-00400,2019,省考,山东,通用卷,1,2,综合分析,解释评价/启示分析,根据“给定材料2”，谈谈你对“政策上的善意”的理解。（20分）,理解准确，分析透彻，条理清晰；不超过300字。,2,20,不超过300字,,山东-2019-未知-M1；山东-2019-未知-M2；山东-2019-未知-M3；山东-2019-未知-M5；山东-2019-未知-M4,2019年420联考《申论》真题（山东卷A卷）及参考答案.pdf,高,通过强清洗，可进入候选池,
SL-00401,2019,省考,山东,通用卷,1,3,提出对策,对策措施,"根据“给定材料3”，针对《G市医疗机构“不满意就退费”工作实施方案（试行)》的具体内容及
社会上的相关争议，请向G市卫生部门提出你对此方案的意见和建议。（25分）",观点明确，思路清晰，概括性强，合理可行；不超过400字。,3,25,不超过400字,公共服务,山东-2019-未知-M1；山东-2019-未知-M2；山东-2019-未知-M3；山东-2019-未知-M5；山东-2019-未知-M4,2019年420联考《申论》真题（山东卷A卷）及参考答案.pdf,高,通过强清洗，可进入候选池,
SL-00402,2019,省考,山东,通用卷,1,4,文章写作,大作文/议论文,"进一步思考“给定材料5”中划线句子“有事好商量，众人的事情由众人商量，找到全社会意愿和要
求的最大公约数”，参考给定材料，自选角度，自拟题目，写一篇文章。（40分）","（1）观点明确，立意深刻；
（2）思路清晰，语言流畅；
（3）结合“给定材料”，但不拘泥于“给定材料”；
（4）字数1000～1200字。
2019 年 420 联考《申论》真题（山东 A 卷）",5；，,40,1000～1200字,,山东-2019-未知-M1；山东-2019-未知-M2；山东-2019-未知-M3；山东-2019-未知-M5；山东-2019-未知-M4,2019年420联考《申论》真题（山东卷A卷）及参考答案.pdf,高,通过强清洗，可进入候选池,
SL-00403,2019,省考,山东,通用卷,1,1,归纳概括,概括要点,根据“给定材料1”，概括总结J市12345热线的成功经验。（15分）,概括全面，思路清晰，表达准确；不超过250字。,1,15,不超过250字,,山东-2019-未知-M1；山东-2019-未知-M2；山东-2019-未知-M3；山东-2019-未知-M5；山东-2019-未知-M4,2019年420联考《申论》真题（山东卷B卷）及参考答案.pdf,高,通过强清洗，可进入候选池,
SL-00404,2019,省考,山东,通用卷,1,2,综合分析,解释评价/启示分析,根据“给定材料2”，分析C市目前幼儿教育发展的主要问题。（20分）,分析全面、准确，条理清晰；不超过300字。,2,20,不超过300字,公共服务；文化教育,山东-2019-未知-M1；山东-2019-未知-M2；山东-2019-未知-M3；山东-2019-未知-M5；山东-2019-未知-M4,2019年420联考《申论》真题（山东卷B卷）及参考答案.pdf,高,通过强清洗，可进入候选池,
SL-00405,2019,省考,山东,通用卷,1,3,综合分析,解释评价/启示分析,根据“给定材料4”，谈一下你对棚户区改造“A市速度”的理解。（25分）,紧扣材料，全面准确，条理清晰；不超过400字。,4；，,25,不超过400字,,山东-2019-未知-M1；山东-2019-未知-M2；山东-2019-未知-M3；山东-2019-未知-M5；山东-2019-未知-M4,2019年420联考《申论》真题（山东卷B卷）及参考答案.pdf,高,通过强清洗，可进入候选池,
SL-00406,2019,省考,山东,通用卷,1,4,文章写作,大作文/议论文,"参考给定材料，以“‘民生’跟着‘民声’走”为主题，自选角度，自拟题目，写一篇文章。（40
分)","（1）观点明确，立意深刻；
（2）思路清晰，语言流畅；
（3）参考“给定材料”，但不拘泥于“给定材料”；
（4）总字数1000～1200字。
2019 年 420 联考《申论》真题（山东 B 卷）",，,40,1000～1200字,,山东-2019-未知-M1；山东-2019-未知-M2；山东-2019-未知-M3；山东-2019-未知-M5；山东-2019-未知-M4,2019年420联考《申论》真题（山东卷B卷）及参考答案.pdf,高,通过强清洗，可进入候选池,
SL-00407,2020,省考,山东,通用卷,1,1,综合分析,解释评价/启示分析,请根据“给定材料1”，谈谈你对B市“一枚印章管审批”的认识。(20分),观点明确，认识深刻，思路清晰；不超过350字。。,1,20,不超过350字,,山东-2020-未知-M1；山东-2020-未知-M2；山东-2020-未知-M3；山东-2020-未知-M4,2020年0719山东公务员考试《申论》真题（A卷）及参考答案.pdf,高,通过强清洗，可进入候选池,
SL-00408,2020,省考,山东,通用卷,1,2,贯彻执行,应用文/事务文书,"省政府对乙市设立“找茬窗口”等举措高度重视，要求该市提交一份工作报告。请根据“给定材料2”，
写一份报告提纲。(30分)",要点完整，内容具体，条理清晰；不超过450字。,2,30,不超过450字,,山东-2020-未知-M1；山东-2020-未知-M2；山东-2020-未知-M3；山东-2020-未知-M4,2020年0719山东公务员考试《申论》真题（A卷）及参考答案.pdf,高,通过强清洗，可进入候选池,
SL-00409,2020,省考,山东,通用卷,1,3,文章写作,大作文/议论文,"请根据“给定材料3”，以“流程·服务·效能”为主题，自选角度，自拟题目，写一篇文章。(50
分)","1.观点明确，立意深刻；2.思路清晰，语言流畅；3.参考给定材料，但不拘泥于给定材料；4.字数
1000字左右。
2020 年 719 山东公务员考试《申论》真题（A 卷）",3；，,50,1000字左右,,山东-2020-未知-M1；山东-2020-未知-M2；山东-2020-未知-M3；山东-2020-未知-M4,2020年0719山东公务员考试《申论》真题（A卷）及参考答案.pdf,高,通过强清洗，可进入候选池,
SL-00410,2020,省考,山东,通用卷,1,1,综合分析,解释评价/启示分析,"请根据“给定材料2”,谈你对Q县干部直播带货的认识。(20分)",观点明确，分析全面，条理清晰；不超过350字。,2,20,不超过350字,,山东-2020-未知-M1；山东-2020-未知-M2；山东-2020-未知-M3；山东-2020-未知-M4,2020年0719山东公务员考试《申论》真题（B卷）及参考答案.pdf,高,通过强清洗，可进入候选池,
SL-00411,2020,省考,山东,通用卷,1,2,文章写作,大作文/议论文,假如你是小王，请根据“给定材料3”，就所调研区域的经验做法写一篇调研报告提纲。(30分),概括全面，思路清晰，表达准确；不超过450字。,3,30,不超过450字,,山东-2020-未知-M1；山东-2020-未知-M2；山东-2020-未知-M3；山东-2020-未知-M4,2020年0719山东公务员考试《申论》真题（B卷）及参考答案.pdf,高,通过强清洗，可进入候选池,
SL-00412,2020,省考,山东,通用卷,1,3,文章写作,大作文/议论文,"请结合全部给定材料，进一步思考“给定材料4""中的画线句子“凡益之道，与时偕行”，自选角度，
自拟题目，写一篇文章。(50分)","1.主题明确，结构完整，条理清楚，语言流畅；2.参考给定材料，但不拘泥于给定材料；3.字数
1000字左右。
2020 年 719 山东公务员考试《申论》真题（B 卷）",，；4；，,50,1000字左右,,山东-2020-未知-M1；山东-2020-未知-M2；山东-2020-未知-M3；山东-2020-未知-M4,2020年0719山东公务员考试《申论》真题（B卷）及参考答案.pdf,高,通过强清洗，可进入候选池,
SL-00413,2024,省考,山东,通用卷,1,1,贯彻执行,应用文/事务文书,"“给定材料 4”为新闻媒体拟发表的⼀篇报道，请撰写⼀篇同时配发的短评。（25
分）",观点鲜明，思想深刻，逻辑清晰；不超过 400 字。,4,25,不超过400字,,山东-2024-未知-M1；山东-2024-未知-M2；山东-2024-未知-M3；山东-2024-未知-M4；山东-2024-未知-M5；山东-2024-未知-M6,2024年山东省公考《申论》真题（A类）及参考答案.pdf,高,通过强清洗，可进入候选池,
SL-00414,2024,省考,山东,通用卷,1,2,文章写作,大作文/议论文,"请以“给定材料 6”中的划线句⼦“众⼒并，则万钧举”为主题，结合全部给定资
料，⾃拟题⽬，写⼀篇⽂章。（40 分）","1.观点明确，⻅解深刻；2.参考给定材料，但不拘泥于给定材料；3.逻辑清晰，
语⾔流畅；4.字数 1000—1200 字。",6；，,40,1000—1200字,,山东-2024-未知-M1；山东-2024-未知-M2；山东-2024-未知-M3；山东-2024-未知-M4；山东-2024-未知-M5；山东-2024-未知-M6,2024年山东省公考《申论》真题（A类）及参考答案.pdf,高,通过强清洗，可进入候选池,
SL-00424,2013,省考,上海,通用卷,1,1,归纳概括,概括要点,请概括“给定材料6-9”的主要同容。（10分）,语言精炼，层次要点清楚，字数不超过200字。,6-9,10,不超过200字,,上海-2013-未知-M6；上海-2013-未知-M4；上海-2013-未知-M1,2013年上海公务员考试《申论》真题（A卷）及参考答案.doc.pdf,高,通过强清洗，可进入候选池,
SL-00425,2013,省考,上海,通用卷,1,2,综合分析,解释评价/启示分析,"请结合“给定材料”，谈谈曹植云、陈家顺同志的先进事迹在哪些方面值得我们学习。（15
分）",观点明确，语言精炼，条理清楚，字数不超过300字。,,15,不超过300字,,上海-2013-未知-M6；上海-2013-未知-M4；上海-2013-未知-M1,2013年上海公务员考试《申论》真题（A卷）及参考答案.doc.pdf,高,通过强清洗，可进入候选池,
SL-00426,2013,省考,上海,通用卷,1,3.1,归纳概括,概括要点,简要概括“资料4”中提到的公务员责任意识缺失的几种表现。（10分）,准确，简明，字数不超过200字。,4,25,不超过200字,,上海-2013-未知-M6；上海-2013-未知-M4；上海-2013-未知-M1,2013年上海公务员考试《申论》真题（A卷）及参考答案.doc.pdf,高,通过强清洗，可进入候选池,
SL-00427,2013,省考,上海,通用卷,1,3.2,综合分析,解释评价/启示分析,分析引发云南“孟连事件”的根本原因，以及给我们的教训。（15分）,分析条理清楚，观点明确，字数不超过300字。,4,25,不超过200字,,上海-2013-未知-M6；上海-2013-未知-M4；上海-2013-未知-M1,2013年上海公务员考试《申论》真题（A卷）及参考答案.doc.pdf,高,通过强清洗，可进入候选池,
SL-00428,2013,省考,上海,通用卷,1,4,归纳概括,概括要点,请结合“给定材料”，概括当前我国行政问责制实施中存在的主要问题。（10分）,准确，简明，条理清楚。字数不超过200字,,10,不超过200字,法治政府,上海-2013-未知-M6；上海-2013-未知-M4；上海-2013-未知-M1,2013年上海公务员考试《申论》真题（A卷）及参考答案.doc.pdf,高,通过强清洗，可进入候选池,
SL-00429,2013,省考,上海,通用卷,1,5,文章写作,大作文/议论文,阅读“给定材料”，以“强化公务员责任意识”为主题写一篇议论文。（40分）,"1、参考给定材料，自选角度，自拟题目。
2、观点明确，联系实际，分析具体，条理清楚，语言流畅。
3、总字数800—1000字。",，,40,800—1000字,,上海-2013-未知-M6；上海-2013-未知-M4；上海-2013-未知-M1,2013年上海公务员考试《申论》真题（A卷）及参考答案.doc.pdf,高,通过强清洗，可进入候选池,
SL-00435,2014,省考,上海,通用卷,1,3,申论综合,待细分,结合给定材料，谈谈政府在转变职能进程中应履行好哪些职责。(10分),准确，简明，条理清楚。字数不超过200字。,，,10,不超过200字,,上海-2014-未知-M40；上海-2014-未知-M2；上海-2014-未知-M7；上海-2014-未知-M1,2014年上海公务员考试《申论》真题（A卷）及参考答案.doc.pdf,高,通过强清洗，可进入候选池,
SL-00446,2015,省考,上海,通用卷,1,,归纳概括,概括要点,概括给定材料的主要内容。,语言精炼，层次要点清楚，字数不超过200字。,,,不超过200字,,上海-2015-未知-M40；上海-2015-未知-M2；上海-2015-未知-M6,2015年上海公务员考试《申论》真题（B卷）及参考答案.doc.pdf,高,通过强清洗，可进入候选池,
SL-00447,2015,省考,上海,通用卷,2,,申论综合,待细分,结合给定材料，简要论述”沪语“保护和传承的必要性。,表述准确到位，语言简明扼要，字数不超过300字。,，,,不超过300字,,上海-2015-未知-M40；上海-2015-未知-M2；上海-2015-未知-M6,2015年上海公务员考试《申论》真题（B卷）及参考答案.doc.pdf,高,通过强清洗，可进入候选池,
SL-00448,2015,省考,上海,通用卷,3,,综合分析,解释评价/启示分析,结合给定材料，分析上海提篮桥区域保护与发展过程中所遭遇的瓶颈问题。,准确简明，语言精炼，条理清楚，字数不超过300字。,，,,不超过300字,,上海-2015-未知-M40；上海-2015-未知-M2；上海-2015-未知-M6,2015年上海公务员考试《申论》真题（B卷）及参考答案.doc.pdf,高,通过强清洗，可进入候选池,
SL-00449,2015,省考,上海,通用卷,4,,综合分析,解释评价/启示分析,"结合给定材料，比较并说明新天地与田子坊地块改造模式的共性与差异，阐述如何进行旧城区的
改造与更新。（20分）",概括准确，条例清晰，观点明确，语言精炼，字数不超过350字。,，,20,不超过350字,,上海-2015-未知-M40；上海-2015-未知-M2；上海-2015-未知-M6,2015年上海公务员考试《申论》真题（B卷）及参考答案.doc.pdf,高,通过强清洗，可进入候选池,
SL-00450,2015,省考,上海,通用卷,5,,文章写作,大作文/议论文,阅读给定材料，以”城市文化的传承与创新“为主题写一篇文章。,"（1）自选角度，自拟题目； （2）观点明确，联系实际，分析具体，条理清楚，语言流畅； （3）
总字数800-1000字。",，,1,800-1000字,科技创新；城市治理；文化教育,上海-2015-未知-M40；上海-2015-未知-M2；上海-2015-未知-M6,2015年上海公务员考试《申论》真题（B卷）及参考答案.doc.pdf,高,通过强清洗，可进入候选池,
SL-00451,2015,省考,上海,通用卷,6,,归纳概括,概括要点,概括给定材料的主要内容。,语言精炼，层次要点清楚，字数不超过200字。,,,不超过200字,,上海-2015-未知-M40；上海-2015-未知-M2；上海-2015-未知-M6,2015年上海公务员考试《申论》真题（B卷）及参考答案.doc.pdf,高,通过强清洗，可进入候选池,
SL-00452,2015,省考,上海,通用卷,7,,申论综合,待细分,结合给定材料，简要论述”沪语“保护和传承的必要性。,表述准确到位，语言简明扼要，字数不超过300字。,，,,不超过300字,,上海-2015-未知-M40；上海-2015-未知-M2；上海-2015-未知-M6,2015年上海公务员考试《申论》真题（B卷）及参考答案.doc.pdf,高,通过强清洗，可进入候选池,
SL-00453,2015,省考,上海,通用卷,8,,综合分析,解释评价/启示分析,结合给定材料，分析上海提篮桥区域保护与发展过程中所遭遇的瓶颈问题。,准确简明，语言精炼，条理清楚，字数不超过300字。,，,,不超过300字,,上海-2015-未知-M40；上海-2015-未知-M2；上海-2015-未知-M6,2015年上海公务员考试《申论》真题（B卷）及参考答案.doc.pdf,高,通过强清洗，可进入候选池,
SL-00454,2015,省考,上海,通用卷,9,,综合分析,解释评价/启示分析,"结合给定材料，比较并说明新天地与田子坊地块改造模式的共性与差异，阐述如何进行旧城区的
改造与更新。（20分）",概括准确，条例清晰，观点明确，语言精炼，字数不超过350字。,，,20,不超过350字,,上海-2015-未知-M40；上海-2015-未知-M2；上海-2015-未知-M6,2015年上海公务员考试《申论》真题（B卷）及参考答案.doc.pdf,高,通过强清洗，可进入候选池,
SL-00457,2016,省考,上海,通用卷,1,,综合分析,解释评价/启示分析,"（一）结合给定材料，总结两个抗战遗址保护不力的案例中存在的共性问题，并简要分析原因。（20
分）",概括准确，条理清楚，语言精练，字数不超过200字。,，；，；，,20,不超过200字,,上海-2016-未知-M40；上海-2016-未知-M1；上海-2016-未知-M2；上海-2016-未知-M3；上海-2016-未知-M4；上海-2016-未知-M5；上海-2016-未知-M6；上海-2016-未知-M7,2016年上海公务员考试《申论》真题（B卷）及参考答案.doc.pdf,高,通过强清洗，可进入候选池,
SL-00460,2018,省考,上海,通用卷,1,.1,综合分析,解释评价/启示分析,结合给定材料，分析目前社会上一些年轻人存在的不良思想倾向。（20分）,观点明确，条理清楚，语言精练，字数不超过300字。,，；，；，,20,不超过300字,,上海-2018-未知-M40,2018年上海市公务员考试《申论》真题（A卷）及参考答案.pdf,高,通过强清洗，可进入候选池,
SL-00461,2018,省考,上海,通用卷,1,.2,提出对策,对策措施,"资料中提到“靡不有初，鲜克有终”，结合给定材料，请对公职人员如何做到不忘初心，有始有终，
提出对策。（20分）",观点明确，条理清楚，语言流畅，对策可行，字数不超过300字。,，；，；，,20,不超过300字,,上海-2018-未知-M40,2018年上海市公务员考试《申论》真题（A卷）及参考答案.pdf,高,通过强清洗，可进入候选池,
SL-00462,2018,省考,上海,通用卷,1,.3,文章写作,大作文/议论文,结合给定材料，以“坚持信念，传承精神，开拓事业”为主题，写一篇文章。（40分）,"（1）自选角度，自拟题目；（2）观点明确，联系实际，分析具体，条理清楚，语言流畅；（3）
总字数800—1000字。",，；，；，,20,不超过300字,,上海-2018-未知-M40,2018年上海市公务员考试《申论》真题（A卷）及参考答案.pdf,高,通过强清洗，可进入候选池,
SL-00474,2019,省考,上海,通用卷,1,,归纳概括,概括要点,"问题1
结合给定材料，概述张江国家自主创新示范区近年来取得的成功经验。（20分）",概括准确，条理清楚，语言精练，字数不超过300字,，；，；，,20,不超过300字,科技创新；城市治理；经济发展,,2019年上海公务员考试《申论》真题（A卷）及参考答案.pdf,高,通过强清洗，可进入候选池,
SL-00479,2019,省考,上海,通用卷,1,,归纳概括,概括要点,"问题1：结合给定材料，阐述“上海文化”形成的过程中，红色文化，海派文化和江南文化之间的关系。
（20分）",概括准确，条理清楚，语言精练，字数不超过300字。,，；，；，,20,不超过300字,科技创新；城市治理；文化教育,,2019年上海公务员考试《申论》真题（B卷）及参考答案.pdf,高,通过强清洗，可进入候选池,
SL-00484,2020,省考,上海,通用卷,1,,综合分析,解释评价/启示分析,"（一）根据给定材料，总结中国共产党能够团结带领全党全国各族人民，攻坚克难，从胜利走向胜利的
主要原因。（20分）",概括准确，条理清楚，语言精练，字数不超过300字。,，；，；，,20,不超过300字,基层治理；群众工作,,2020年上海公务员考试《申论》真题（A类）及参考答案.pdf,高,通过强清洗，可进入候选池,
SL-00485,2020,省考,上海,通用卷,1,,归纳概括,概括要点,（一）结合给定材料，总结上海率先实现“一网通办”过程中所形成的可复制经验。（20分）,概括准确，条理清楚，语言精练，字数不超过300字。,，；，；，,20,不超过300字,科技创新；城市治理；经济发展,,2020年上海公务员考试《申论》真题（B类）及参考答案.pdf,高,通过强清洗，可进入候选池,
SL-00493,2008,省考,新疆,通用卷,1,,综合分析,解释评价/启示分析,"第1题：假设你是一名政府机关公务员欧阳××，从2005年12月28日《××日报》上看到了给定
材料中的第4－8段内容的报道，请将4－8段材料中反映的所有问题概括总结，提交本部门领导审阅。","字数400字以内。
第2题：用400字以内的篇幅分析造成给定材料中（除第4－8段材料以外）所反映问题的主要原因。
第3题：根据你在",,,,,,2008年新疆自治区公务员考试《申论》真题及答案.pdf,高,通过强清洗，可进入候选池,
SL-00494,2008,省考,新疆,通用卷,2,,文章写作,大作文/议论文,"中作出的原因分析，从运用传统节日弘扬民族文化的优秀传统角度，自拟标
题，写一篇论述文章。","观点明确，重点突出；逻辑严密，结构完整；语言流畅，论述有力；提出的对策要具有可行性。
字数在1000－1200字之间。
2008 年新疆维吾尔自治区公务员考试
《申论》真题卷",,,1000－1200字,文化教育,,2008年新疆自治区公务员考试《申论》真题及答案.pdf,高,通过强清洗，可进入候选池,
SL-00495,2008,省考,新疆,通用卷,3,,文章写作,大作文/议论文,"中作出的原因分析，从运用传统节日弘扬民族文化的优秀传统角度，自拟标
题，写一篇论述文章。",,,,,文化教育,,2008年新疆自治区公务员考试《申论》真题及答案.pdf,高,通过强清洗，可进入候选池,截断后置答案/解析/范文
SL-00501,2011,省考,新疆,通用卷,1,,贯彻执行,应用文/事务文书,"（一）假定给定材料1~6是你在调查研究中获取的信息，请你依据这些资料归纳出一份情况
汇报提纲，以供领导参阅。（20分）",分条归纳，内容全面，表述准确，逻辑清晰；不超过400字。,1~6；7~9，；，,20,不超过400字,,新疆-2011-未知-M1；新疆-2011-未知-M7,2011年917公务员联考《申论》卷及参考答案（福建、河南、重庆、甘肃、新疆）.pdf,高,通过强清洗，可进入候选池,
SL-00504,2014,省考,新疆,通用卷,1,,文章写作,大作文/议论文,"请根据你对这段
文字的理解，联系当前社会现实，写一篇文章。（50分）","（1）自选角度，自拟题目；（2）观点明确，见解深刻（3）思路清晰，语言流畅总字数800~1000
字。
2014 年新疆生产建设兵团公务员考试《申论》真题卷",,50,800~1000字,,新疆-2014-未知-M1；新疆-2014-未知-M3；新疆-2014-未知-M5；新疆-2014-未知-M2；新疆-2014-未知-M7,2014年新疆生产建设兵团公务员考试《申论》真题及答案.pdf,高,通过强清洗，可进入候选池,
SL-00507,2014,省考,新疆,通用卷,1,3,文章写作,大作文/议论文,"在如此严峻的就业形势之下，我们要大力贯彻习近平主席对我们的期待，转变就业观念，坚持从
实际出发，摆正心态，勇于到一线和艰苦地方去，只有这样才能在认识的道路上一步步走稳走实，在平凡
的岗位上创造不平凡的业绩！
（四）结合给定材料1，他勉励当代大学生要转变择业观念，坚持从实际出发，勇于到基层一线和艰
苦地方去，把人生的路一步步走稳走实，善于在平凡的岗位上创作不平凡的业绩。以“位”来与未来为题
目，写一篇文章。",1、观点鲜明，分析深入；2、联系实际；3、条理清晰，语言简洁顺畅；4、字数800-1000字。,1，,,800-1000字,基层治理；公共服务,新疆-2014-未知-M1；新疆-2014-未知-M3；新疆-2014-未知-M5；新疆-2014-未知-M2；新疆-2014-未知-M7,2014年新疆自治区公务员考试《申论》真题及答案.pdf,高,通过强清洗，可进入候选池,
SL-00508,2015,省考,新疆,通用卷,1,,综合分析,解释评价/启示分析,请分析导致这种改变发生的主要原因。（20分）,紧扣材料，全面、准确、有条理，不超过300字。,，；4~5；6,20,不超过300字,基层治理,新疆-2015-未知-M2；新疆-2015-未知-M4；新疆-2015-未知-M6,2015年425公务员联考《申论》（新疆兵团卷）及参考答案.pdf,高,通过强清洗，可进入候选池,
SL-00509,2015,省考,新疆,通用卷,1,,综合分析,解释评价/启示分析,（一）根据给定材料，分析概括当前国民阅读的主要特点及其原因。,内容全面，条理清楚。篇幅不超过200字。,，；，；4，,,不超过200字,公共服务；文化教育,新疆-2015-未知-M2；新疆-2015-未知-M4；新疆-2015-未知-M6,2015年新疆公务员考试《申论》卷及参考答案.pdf,高,通过强清洗，可进入候选池,
SL-00510,2016,省考,新疆,通用卷,1,.1,提出对策,对策措施,"给定材料3提到“创业成功是一个小概率的事件”。请你根据给定材料3，就大学生如何提高创业
成功率提出建议。(20分)",(1)观点明确，建议可行；(2)语言简洁，有逻辑性；(3)不超过200字。,1—2；3；3，,15,不超过200字,,新疆-2016-未知-M3；新疆-2016-未知-M4,2016年423联考《申论》真题（新疆卷）及答案.pdf,高,通过强清洗，可进入候选池,
SL-00511,2016,省考,新疆,通用卷,1,.2,归纳概括,概括要点,"假定你是有关部门的一名工作人员，准备将“比逗咖啡馆”的创业经验向广大学生进行推介。请
根据给定材料4—6，归纳总结“比逗咖啡馆”的主要成功经验。(20分)",内容准确全面，总结有深度、有条理。字数不超过300字。,1—2；3；3，,15,不超过200字,,新疆-2016-未知-M3；新疆-2016-未知-M4,2016年423联考《申论》真题（新疆卷）及答案.pdf,高,通过强清洗，可进入候选池,
SL-00512,2016,省考,新疆,通用卷,1,.3,文章写作,大作文/议论文,"英国登山家乔治·马洛里的名句：“因为山在那里!”影响了无数勇于探索，勇于攀登的人。请你
从给定材料出发，联系实际，以“创业者心中的山”为题写篇文章。(45分)","(1)自选角度；(2)参考给定材料，不拘泥给定材料；(3)思路清晰，逻辑严谨；(4)1000—1200
字。",1—2；3；3，,15,不超过200字,,新疆-2016-未知-M3；新疆-2016-未知-M4,2016年423联考《申论》真题（新疆卷）及答案.pdf,高,通过强清洗，可进入候选池,
SL-00513,2017,省考,新疆,通用卷,1,1,综合分析,解释评价/启示分析,根据材料3，概括当前社会上求快风气产成的原因。（10分）,全面、准确、简明，有条理，不超过150字。,3，,10,不超过150字,,新疆-2017-未知-M4；新疆-2017-未知-M3；新疆-2017-未知-M2；新疆-2017-未知-M1；新疆-2017-未知-M5；新疆-2017-未知-M8,2017年422公务员联考《申论》新疆卷及参考答案.pdf,高,通过强清洗，可进入候选池,
SL-00514,2017,省考,新疆,通用卷,1,2,综合分析,解释评价/启示分析,根据给定材料4，总结D公司的成功对于企业适应新常态有哪些值得借鉴的经验。（20分）,"（1）紧扣资料，内容具体；
（2）分析透彻，条理清晰；
（3）字数不超过300字。",4，；，,20,不超过300字,,新疆-2017-未知-M4；新疆-2017-未知-M3；新疆-2017-未知-M2；新疆-2017-未知-M1；新疆-2017-未知-M5；新疆-2017-未知-M8,2017年422公务员联考《申论》新疆卷及参考答案.pdf,高,通过强清洗，可进入候选池,
SL-00515,2017,省考,新疆,通用卷,1,3,贯彻执行,应用文/事务文书,"为推进休闲生活旅游城市建设，A市政府将召开由市民代表、专家学者参加的座谈会，市长将在会上
要作开篇讲话，请你结合材料1-2，为市长草撰一份会议讲话提纲。（30分）",切合主题，内容具体；条理清楚，层次分明；不超过300字。,1-2，,30,不超过300字,城市治理；文化教育,新疆-2017-未知-M4；新疆-2017-未知-M3；新疆-2017-未知-M2；新疆-2017-未知-M1；新疆-2017-未知-M5；新疆-2017-未知-M8,2017年422公务员联考《申论》新疆卷及参考答案.pdf,高,通过强清洗，可进入候选池,
SL-00516,2017,省考,新疆,通用卷,1,4,文章写作,大作文/议论文,"材料6中多次出现“无用”一词，参考给定材料，结合你对“无用”一词的理解，自拟题目，写一
篇文章。（40分）","自选角度，立意明确；联系实际，不拘泥于“给定材料”；思路清晰，语言流畅；总字数1000-1200
字。",6；，,40,1000-1200字,,新疆-2017-未知-M4；新疆-2017-未知-M3；新疆-2017-未知-M2；新疆-2017-未知-M1；新疆-2017-未知-M5；新疆-2017-未知-M8,2017年422公务员联考《申论》新疆卷及参考答案.pdf,高,通过强清洗，可进入候选池,
SL-00517,2017,省考,新疆,通用卷,2,,综合分析,解释评价/启示分析,根据资料4，分析D公司成立应对新常态的主要经验。（20分）,"1.全面、准确、简
明；2.条理清晰；3.不超过250字。",4，,20,不超过250字,,新疆-2017-未知-M4；新疆-2017-未知-M3；新疆-2017-未知-M2；新疆-2017-未知-M1；新疆-2017-未知-M5,2017年422公务员联考《申论》新疆卷及参考答案.pdf,高,通过强清洗，可进入候选池,
SL-00535,2022,省考,新疆,通用卷,1,1,综合分析,解释评价/启示分析,根据给定材料1，请谈谈“全量信息表”在岩棋县基层工作中所起的作用？（15分）,"（1）分析全面、准确；
（2）字数不超过250字。",1，,15,不超过250字,基层治理,新疆-2022-未知-M1；新疆-2022-未知-M2；新疆-2022-未知-M3；新疆-2022-未知-M4,2022年公务员多省联考《申论》题（新疆县乡卷）.pdf,高,通过强清洗，可进入候选池,
SL-00536,2022,省考,新疆,通用卷,1,2,申论综合,待细分,"根据给定材料2，请谈谈吉石县在减轻村级组织负担，激发干事动力方面做了哪些工作。
（20分）",全面，准确，有条理，不超过300字。,2，,20,不超过300字,基层治理,新疆-2022-未知-M1；新疆-2022-未知-M2；新疆-2022-未知-M3；新疆-2022-未知-M4,2022年公务员多省联考《申论》题（新疆县乡卷）.pdf,高,通过强清洗，可进入候选池,
SL-00537,2022,省考,新疆,通用卷,1,3,提出对策,对策措施,"根据给定材料3，请梳理一些小区在成立业主委员会上存在哪些问题，并分别提出解决
建议。（25分）","问题梳理全面，准确有条理，建议与问题相对应，对策具体可行，字数不超过400
字。",3，,25,不超过400字,城市治理,新疆-2022-未知-M1；新疆-2022-未知-M2；新疆-2022-未知-M3；新疆-2022-未知-M4,2022年公务员多省联考《申论》题（新疆县乡卷）.pdf,高,通过强清洗，可进入候选池,
SL-00538,2022,省考,新疆,通用卷,1,4,贯彻执行,应用文/事务文书,"中青班即将举办结业仪式，假如由你代表全体学员发言，交流此次一线抗疫的心得和
收获，请结合给定材料4，拟写这份发言稿。（40分）","（1）紧扣资料，内容全面；
（2）条理清晰，语言生动感动；
（3）800-1000字。",4，；，,40,800-1000字,,新疆-2022-未知-M1；新疆-2022-未知-M2；新疆-2022-未知-M3；新疆-2022-未知-M4,2022年公务员多省联考《申论》题（新疆县乡卷）.pdf,高,通过强清洗，可进入候选池,
SL-00539,2004,省考,云南,通用卷,1,.1,提出对策,对策措施,请针对材料所反映的问题，用不超过300字的篇幅，提出解决给定材料所反映问题的方案。,要有条理的说明，要体现针对性和可操作性。(30 分),,20,不超过200字,,云南-2004-未知-M30；云南-2004-未知-M1,2004年云南省公务员考试《申论》真题（市县乡）及参考答案.pdf,高,通过强清洗，可进入候选池,
SL-00540,2004,省考,云南,通用卷,1,.2,综合分析,解释评价/启示分析,就所给定材料所反映的问题，用1000字左右的篇幅，自选角度，自拟标题进行论述。,"观点明确，层次清楚，内容充实，论述深刻，有说服力。(50分)
2004 年云南省公务员考试《申论》真题（市、县、乡）",,20,不超过200字,,云南-2004-未知-M30；云南-2004-未知-M1,2004年云南省公务员考试《申论》真题（市县乡）及参考答案.pdf,高,通过强清洗，可进入候选池,
SL-00544,2006,省考,云南,通用卷,1,.1,提出对策,对策措施,"请用300字以内的篇幅，从政府制定政策和措施的角度，就如何解决给定的材料所反映的
问题，提出对策和建议。要求：条理清晰，有针对性，切实可行。(30分)","归纳全面，观
点明确，条理清楚，语言流畅。(20分)
2.请用300字以内的篇幅，从政府制定政策和措施的角度，就如何解决给定的材料所反映的
问题，提出对策和建议。要求：条理清晰，有针对性，切实可行。(30分)
3.就给定材料所反映的问题，用1000字左右的篇幅，自选角度，自拟标题进行论述。
要求：观点明确，层次清楚，内容充实，论述深刻，有说服力。(50分)
2006 年云南省公务员考试《申论》真题",，,20,不超过300字,文化教育,云南-2006-未知-M30,2006年云南省公务员考试《申论》真题及参考答案.pdf,高,通过强清洗，可进入候选池,
SL-00545,2006,省考,云南,通用卷,1,.2,综合分析,解释评价/启示分析,就给定材料所反映的问题，用1000字左右的篇幅，自选角度，自拟标题进行论述。,"观点明确，层次清楚，内容充实，论述深刻，有说服力。(50分)
2006 年云南省公务员考试《申论》真题",，,20,不超过300字,文化教育,云南-2006-未知-M30,2006年云南省公务员考试《申论》真题及参考答案.pdf,高,通过强清洗，可进入候选池,
SL-00555,2016,省考,云南,通用卷,1,1,综合分析,解释评价/启示分析,根据给定材料1、2，概括当代社会中“90后”群体开展创业的优势。(10分),内容全面、观点明确、语言简洁。不超过200字。,1、2，,10,不超过200字,,云南-2016-未知-M1；云南-2016-未知-M3；云南-2016-未知-M6,2016年423公务员联考《申论》真题（内蒙、云南卷）及参考答案.pdf,高,通过强清洗，可进入候选池,
SL-00556,2016,省考,云南,通用卷,1,2,归纳概括,概括要点,"假定你是有关部门的一名工作人员，准备将“比逗咖啡馆”的创业经验向广大学生进行推介，
请根据给定材料3～5，归纳总结“比逗咖啡馆”的主要成功经验。（20分）",内容准确全面，总结有深度、有条理。字数不超过300字。,3～5，,20,不超过300字,,云南-2016-未知-M1；云南-2016-未知-M3；云南-2016-未知-M6,2016年423公务员联考《申论》真题（内蒙、云南卷）及参考答案.pdf,高,通过强清洗，可进入候选池,
SL-00557,2016,省考,云南,通用卷,1,3,贯彻执行,应用文/事务文书,"假如你是某大学就业指导中心的工作人员，受邀为即将毕业的大学生做一次关于“创业”的专
题报告，请你结合给定材料6，为其草拟一份讲话稿。（25分）",观点明确，建议可行，语言简洁，有逻辑性。不超过350字。,6，,25,不超过350字,公共服务,云南-2016-未知-M1；云南-2016-未知-M3；云南-2016-未知-M6,2016年423公务员联考《申论》真题（内蒙、云南卷）及参考答案.pdf,高,通过强清洗，可进入候选池,
SL-00558,2016,省考,云南,通用卷,1,4,文章写作,大作文/议论文,"参考给定材料，结合当前政府推动“大众创业，万众创新”的社会形势，围绕“众筹：金钱之
外的价值”，自选角度，自拟题目，写一篇文章。（45分）",观点明确，认识深刻，内容充实，结构完整，逻辑清晰，语言流畅。1000～1200字。,，,45,1000～1200字,科技创新,云南-2016-未知-M1；云南-2016-未知-M3；云南-2016-未知-M6,2016年423公务员联考《申论》真题（内蒙、云南卷）及参考答案.pdf,高,通过强清洗，可进入候选池,
SL-00561,2018,省考,云南,通用卷,1,,综合分析,解释评价/启示分析,根据材料1、2，归纳概括出小童被评选为“全市十佳科技特派员”的原因。（15分）,全面、准确、简明，有条理，字数不超过200字。,1、2，；3，；4，,15,不超过200字,基层治理；科技创新,,2018年421联考《申论》真题（云南）及答案.pdf,高,通过强清洗，可进入候选池,
SL-00570,2023,省考,云南,通用卷,1,1,综合分析,解释评价/启示分析,"根据“给定材料1”，谈谈对划线句子“Z省凭硬核实力实现从‘走出去’到‘走进去’的新飞
跃”的理解。（15分）",分析全面，条理清晰。不超过300字。,1,15,不超过300字,,云南-2023-未知-M1；云南-2023-未知-M2；云南-2023-未知-M3；云南-2023-未知-M4,2023年云南公务员考试申论真题及答案（州市卷）.pdf,高,通过强清洗，可进入候选池,
SL-00571,2023,省考,云南,通用卷,1,2,提出对策,对策措施,"根据“给定材料2”，梳理D市虚拟产业园发展中存在的问题，并提出解决问题的建议。
（20分）","（1）问题梳理全面、准确；（2）所提建议与问题对应，具体明确、切实可行；（3）不超
过500字。",2,20,,经济发展,云南-2023-未知-M1；云南-2023-未知-M2；云南-2023-未知-M3；云南-2023-未知-M4,2023年云南公务员考试申论真题及答案（州市卷）.pdf,高,通过强清洗，可进入候选池,
SL-00572,2023,省考,云南,通用卷,1,3,贯彻执行,应用文/事务文书,"M省发改委调研组目前赴G省调研了“工业上楼”相关情况。假如你是调研组工作人员，请根据
“给定材料3”，拟写调研报告提纲。（25分）",内容全面，层次分明，简明扼要；不超过500字。,3,25,不超过500字,,云南-2023-未知-M1；云南-2023-未知-M2；云南-2023-未知-M3；云南-2023-未知-M4,2023年云南公务员考试申论真题及答案（州市卷）.pdf,高,通过强清洗，可进入候选池,
SL-00573,2023,省考,云南,通用卷,1,4,文章写作,大作文/议论文,"“给定材料4”中划线句子提到，“我们必须心无旁骛，在大变局的喧嚣中守住‘本分’，切
实增强好‘本领’，推动高质量发展的步伐就能坚实稳健，我们就能走向更广阔的未来”。请结合对这
句话的理解，参考给定材料，联系实际，自选角度，以“本分 本领”为题，写一篇议论文。（40分）","（1）观点明确，论述深刻；（2）思路清晰，结构完整；（3）语言流畅，书写工整；（4）
字数1000—1200字。",4；，,40,1000—1200字,,云南-2023-未知-M1；云南-2023-未知-M2；云南-2023-未知-M3；云南-2023-未知-M4,2023年云南公务员考试申论真题及答案（州市卷）.pdf,高,通过强清洗，可进入候选池,
SL-00574,2024,省考,云南,通用卷,1,1,申论综合,待细分,"“给定材料
1”提到“从0到1”和“从1到 100”，请谈谈“科技副总”在“从0到 100”的过程中发挥了哪些作
用。(15分)",全面、准确、有条理。不超过 300字。,1,15,不超过300字,科技创新,云南-2024-未知-M1；云南-2024-未知-M2；云南-2024-未知-M3；云南-2024-未知-M4,2024年云南省申论真题（县乡卷）及参考答案.pdf,高,通过强清洗，可进入候选池,
SL-00575,2024,省考,云南,通用卷,1,2,提出对策,对策措施,假如你是D市城管局工作人员，请根据“给定材料2”，起草一份舆情摘要供领导参阅。(20分),"（1）内容包括反映问题和解决措施；（2）问题梳理全面、准确；（3）措施与问题对应，
具体明确、切实可行；（4）不超过 400字。",2,20,不超过400字,城市治理,云南-2024-未知-M1；云南-2024-未知-M2；云南-2024-未知-M3；云南-2024-未知-M4,2024年云南省申论真题（县乡卷）及参考答案.pdf,高,通过强清洗，可进入候选池,
SL-00576,2024,省考,云南,通用卷,1,3,贯彻执行,应用文/事务文书,"假如你是刚入职乡党政办的工作人员，领导安排你去妙坝村了解桑蚕产业发展情况，请根据
“给定材料3,起草一份汇报材料提纲。(25分)","（1）紧扣资料，内容全面；（2）逻辑清晰,语言精炼；（3）不超过500字。","3,；，",25,不超过500字,基层治理；经济发展,云南-2024-未知-M1；云南-2024-未知-M2；云南-2024-未知-M3；云南-2024-未知-M4,2024年云南省申论真题（县乡卷）及参考答案.pdf,高,通过强清洗，可进入候选池,
SL-00577,2024,省考,云南,通用卷,1,4,文章写作,大作文/议论文,"“给定材料 4”提到：“对机会的把握就像拔河，一头是危机，一头是新机，用力才可能赢得
新机，泄力就可能输给危机。”请深入思考这句话，参考给定材料，联系实际，自选角度，自拟题目，
写一篇文章。(40分)","（1）观点明确，见解深刻；（2）参考给定材料，但不拘泥于给定材料；（3）思路清晰，
语言流畅；（4）字数1000-1200 字。",4；，；，,40,1000-1200字,,云南-2024-未知-M1；云南-2024-未知-M2；云南-2024-未知-M3；云南-2024-未知-M4,2024年云南省申论真题（县乡卷）及参考答案.pdf,高,通过强清洗，可进入候选池,
SL-00579,2008,省考,重庆,通用卷,2,,提出对策,对策措施,"的答题过程中已经得到了体现，考生可以根据关键词进行发散。3、解决问题主要是提
对策。对策的两大来源为：一是材料中的问题，二是材料中的对策。当材料之中的问题正好被材料之中
现成的对策解决的时候，我们直接选择援引现成的对策。",,,,,,,2008年重庆市公务员考试《申论》真题及参考答案.pdf,高,通过强清洗，可进入候选池,
SL-00586,2010,省考,重庆,通用卷,1,,文章写作,大作文/议论文,"（一）认真阅读给定材料，简要概括山西省煤炭资源整合过程中出现的几种主要争议。（15
分）","简洁，准确，200字以内。
（二）“给定材料7”提到，山西煤炭资源整合是场大进小退、优进劣退的改革，请结合资
料内容，谈谈这一观点得出的主要依据。（20分）
要求：观点明确，条理清晰，具有针对性。300字以内。
（三）结合“给定材料10”中“东梁煤矿被低价转让”这一事例，指出煤炭资源整合应从中
吸取哪些教训？（25分）
要求：概括准确，条理清楚，具有针对性。300字以内。
（四）围绕“给定材料2”提到的“朔州途径”，写一篇议论文。（40分）
要求：
（1）参考给定材料内容，自选角度，自拟标题；
（2）观点鲜明，分析深刻，逻辑严谨，表达流畅；
（3）总字数1000—1200字。",，；7；10,15,1000—1200字,,重庆-2010-未知-M40；重庆-2010-未知-M1；重庆-2010-未知-M7；重庆-2010-未知-M10；重庆-2010-未知-M2,2010年918公务员联考《申论》卷及参考答案（福建、辽宁、河南、海南、山西、内蒙、重庆、陕西、宁夏、青海、西藏）.pdf,高,通过强清洗，可进入候选池,
SL-00588,2011,省考,重庆,通用卷,1,,贯彻执行,应用文/事务文书,"（一）假定给定材料1~6是你在调查研究中获取的信息，请你依据这些资料归纳出一份情况
汇报提纲，以供领导参阅。（20分）",分条归纳，内容全面，表述准确，逻辑清晰；不超过400字。,1~6；7~9，；，,20,不超过400字,,重庆-2011-未知-M40；重庆-2011-未知-M5；重庆-2011-未知-M6；重庆-2011-未知-M1；重庆-2011-未知-M7,2011年917公务员联考《申论》卷及参考答案（福建、河南、重庆、甘肃、新疆）.pdf,高,通过强清洗，可进入候选池,
SL-00590,2012,省考,重庆,通用卷,1,,文章写作,大作文/议论文,"请根据你对这句话的思考，参考给定材料，自拟题目，
写一篇文章。（40分）","（1）中心明确，思想深刻；
（2）内容充实，有说服力；
（3）语言流畅，1000字左右。",，,40,1000字左右,,重庆-2012-未知-M7；重庆-2012-未知-M3,2012年915公务员联考《申论》卷及参考答案（福建、河南、重庆、吉林、陕西）.pdf,高,通过强清洗，可进入候选池,
SL-00592,2013,省考,重庆,通用卷,1,,综合分析,解释评价/启示分析,"（一）“给定材料7”提到，有专家将“限塑”称为一场左右手的“战争”，左手是环保，右手是
方便，请参考给定材料，简要分析说明这段话所要表达的含义。（20分）",观点鲜明，条理清晰，表达简洁，不超过300字。,7；，；5,20,不超过300字,生态环保,重庆-2013-未知-M1；重庆-2013-未知-M5；重庆-2013-未知-M6；重庆-2013-未知-M2；重庆-2013-未知-M7,2013年9月重庆市公务员考试《申论》试卷及参考答案.pdf,高,通过强清洗，可进入候选池,
SL-00595,2015,省考,重庆,通用卷,1,,归纳概括,概括要点,（一）根据“给定材料1”，概括“创客运动”在中国迅猛发展所产生的积极效果。（20分）,全面、准确、简明、有条理。不超过300字。,1；3；，,20,不超过300字,基层治理,重庆-2015-未知-M40；重庆-2015-未知-M1；重庆-2015-未知-M3,2015年425公务员联考《申论》重庆卷及参考答案.pdf,高,通过强清洗，可进入候选池,
SL-00596,2015,省考,重庆,通用卷,1,,归纳概括,概括要点,（一）根据给定材料2-3，归纳F、Y两个农产品批发市场建设运营过程中的成功经验。（25分）,内容全面、准确，语言简洁，字数不超过300字。,2-3，；4-6，；，,25,不超过300字,乡村振兴；科技创新；经济发展,重庆-2015-未知-M40；重庆-2015-未知-M1；重庆-2015-未知-M3,2015年重庆公务员考试《申论》真题（下半年）及参考答案.pdf,高,通过强清洗，可进入候选池,
SL-00602,2017,省考,重庆,通用卷,1,1,综合分析,解释评价/启示分析,根据资料1，概括当前社会上求快风气产生的原因（20分）。,全面、准确、简明、有条理，不超过200字。,1，,20,不超过200字,,重庆-2017-未知-M1；重庆-2017-未知-M2；重庆-2017-未知-M3；重庆-2017-未知-M5；重庆-2017-未知-M4；重庆-2017-未知-M7,2017年422公务员联考《申论》（重庆卷）及参考答案.pdf,高,通过强清洗，可进入候选池,
SL-00603,2017,省考,重庆,通用卷,1,2,贯彻执行,应用文/事务文书,"为推进休闲生活旅游城市建设，A市政府准备召开市民代表、专家学者参加的座谈会，市长将
在会上作开篇讲话，请你结合资料2和3，为市长草拟一份会议讲话提纲（30分）。",切合主题，内容具体；条理清楚，层次分明；不超过300字。,2和3，,30,不超过300字,城市治理；文化教育,重庆-2017-未知-M1；重庆-2017-未知-M2；重庆-2017-未知-M3；重庆-2017-未知-M5；重庆-2017-未知-M4；重庆-2017-未知-M7,2017年422公务员联考《申论》（重庆卷）及参考答案.pdf,高,通过强清洗，可进入候选池,
SL-00604,2017,省考,重庆,通用卷,1,3,文章写作,大作文/议论文,参考给定材料，以“平衡”为正标题，自拟副标题，自选角度，写一篇议论文章（50分）。,立意明确、思路清晰、语言流畅；联系实际，不拘泥于“给定材料”。1000—1200字。,，,50,1000—1200字,,重庆-2017-未知-M1；重庆-2017-未知-M2；重庆-2017-未知-M3；重庆-2017-未知-M5；重庆-2017-未知-M4；重庆-2017-未知-M7,2017年422公务员联考《申论》（重庆卷）及参考答案.pdf,高,通过强清洗，可进入候选池,
SL-00605,2017,省考,重庆,通用卷,1,1,综合分析,解释评价/启示分析,根据给定材料1-7，概括目前我国知识付费平台快速发展的原因。（20分）,内容全面，语言准确，条理清楚，不超过200字。,1-7，,20,不超过200字,,重庆-2017-未知-M1；重庆-2017-未知-M2；重庆-2017-未知-M3；重庆-2017-未知-M5；重庆-2017-未知-M4；重庆-2017-未知-M7,2017年重庆公务员考试《申论》真题（下半年）及参考答案.pdf,高,通过强清洗，可进入候选池,
SL-00606,2017,省考,重庆,通用卷,1,2,综合分析,解释评价/启示分析,"给定材料7中提到“版权保护是知识传播的生命线和护身符。”
请根据给定材料7-9，分析其理由。（25分）",观点明确，分析合理，不超过250字。,7；7-9，,25,不超过250字,,重庆-2017-未知-M1；重庆-2017-未知-M2；重庆-2017-未知-M3；重庆-2017-未知-M5；重庆-2017-未知-M4；重庆-2017-未知-M7,2017年重庆公务员考试《申论》真题（下半年）及参考答案.pdf,高,通过强清洗，可进入候选池,
SL-00607,2017,省考,重庆,通用卷,1,3,文章写作,大作文/议论文,从给定材料出发，以“知识的价值”为话题，自选角度，自拟题目，写一篇文章。（55分）,"（1）参考给定材料，但不拘泥于给定材料；
（2）主题明确，内容充实，结构合理，语言流畅；
（3）总字数1000～1200字。",，,55,1000～1200字,,重庆-2017-未知-M1；重庆-2017-未知-M2；重庆-2017-未知-M3；重庆-2017-未知-M5；重庆-2017-未知-M4；重庆-2017-未知-M7,2017年重庆公务员考试《申论》真题（下半年）及参考答案.pdf,高,通过强清洗，可进入候选池,
SL-00608,2018,省考,重庆,通用卷,1,,提出对策,对策措施,根据给定材料1-2，针对当前互联网协同消费经济存在的问题，提出相应的对策。（20分）,紧扣资料，对策可行，不超过300字。,1-2，；，；3~4，,20,不超过300字,科技创新；文化教育；经济发展,重庆-2018-未知-M1；重庆-2018-未知-M3；重庆-2018-未知-M6；重庆-2018-未知-M2,2018年421联考《申论》真题（重庆上半年一）及答案.pdf,高,通过强清洗，可进入候选池,
SL-00609,2018,省考,重庆,通用卷,1,,归纳概括,概括要点,"给定材料1中，嘉宾讨论了三个问题。请你根据资料，分别阐述每个问题的聚集点。（20
分）",准确、简明，不超过300字。,1；，；2，,20,不超过300字,基层治理；乡村振兴；生态环保,重庆-2018-未知-M1；重庆-2018-未知-M3；重庆-2018-未知-M6；重庆-2018-未知-M2,2018年421联考《申论》真题（重庆上半年二）及答案.pdf,高,通过强清洗，可进入候选池,
SL-00611,2019,省考,重庆,通用卷,1,,综合分析,解释评价/启示分析,"请根据“给定材料2～3”，归纳概括老姚、老唐等基层干部能落实好上级政策规定的
主要原因。（20分）",全面、准确、简明、有条理，不超过200字。,2～3；6；，,20,不超过200字,基层治理,重庆-2019-未知-M1；重庆-2019-未知-M2；重庆-2019-未知-M5；重庆-2019-未知-M6；重庆-2019-未知-M20；重庆-2019-未知-M4；重庆-2019-未知-M3,2019年重庆公务员考试《申论》真题（法检系统）及答案.pdf,高,通过强清洗，可进入候选池,
SL-00620,2022,省考,重庆,通用卷,1,,申论综合,待细分,"第⼀题
为做好社区⻝堂的开办⼯作，你市成⽴了考察组赴S市考察。假如你是该考察组的成员，请根据“给定材料1”，谈谈
S市的哪些做法值得借鉴 。（15分）",全⾯、准确、有条理。不超过300字。,1；2,15,不超过300字,基层治理,重庆-2022-未知-M2；重庆-2022-未知-M3；重庆-2022-未知-M5；重庆-2022-未知-M1；重庆-2022-未知-M4,2022年公务员多省联考《申论》题（重庆一卷）题及参考答案.pdf,高,通过强清洗，可进入候选池,
SL-00621,2022,省考,重庆,通用卷,2,,贯彻执行,应用文/事务文书,"F县领导将要参加市政府召开的帮扶⼩微企业经验交流会，并在会上就本县经验作交流发⾔。假如你是F县政府办公
室的⼯作⼈员，请根据“给定材料3”，为县领导拟写⼀份会议发⾔稿提纲。（25分）","（1）紧扣资料，内容全⾯；
（2）条理清晰，语⾔流畅；
（3）不超过400字。",3；，,25,不超过400字,,重庆-2022-未知-M2；重庆-2022-未知-M3；重庆-2022-未知-M5；重庆-2022-未知-M1；重庆-2022-未知-M4,2022年公务员多省联考《申论》题（重庆一卷）题及参考答案.pdf,高,通过强清洗，可进入候选池,
SL-00628,2022,省考,重庆,通用卷,1,,归纳概括,概括要点,"第⼀题
根据“给定材料1”，请谈谈桐城街道驿道社区嵌⼊式养⽼服务模式的特点。（15分）",全⾯、准确、有条理。不超过300字。,1；2,15,不超过300字,基层治理；乡村振兴,重庆-2022-未知-M2；重庆-2022-未知-M3；重庆-2022-未知-M5；重庆-2022-未知-M1；重庆-2022-未知-M4,2022年公务员多省联考《申论》题（重庆二卷）题及参考答案.pdf,高,通过强清洗，可进入候选池,
SL-00629,2022,省考,重庆,通用卷,2,,贯彻执行,应用文/事务文书,"假如你是港头镇政府的⼯作⼈员，请根据“给定材料3”，就港头镇实施乡村治理积分制试点⼯作写⼀份⼯作简报。
（25分）","（1）紧扣材料，内容全⾯；
（2）条理清晰，语⾔流畅；
（3）不超过400字。",3；，,25,不超过400字,基层治理；乡村振兴,重庆-2022-未知-M2；重庆-2022-未知-M3；重庆-2022-未知-M5；重庆-2022-未知-M1；重庆-2022-未知-M4,2022年公务员多省联考《申论》题（重庆二卷）题及参考答案.pdf,高,通过强清洗，可进入候选池,
SL-00631,2023,省考,重庆,通用卷,1,,提出对策,对策措施,"第⼀题
请根据“给定材料1”，谈谈H市为优化营商环境采取了哪些措施，取得了哪些成效？（15分）",全⾯、准确、有条理，不超过300字。,1；2,15,不超过300字,生态环保；经济发展,重庆-2023-未知-M1；重庆-2023-未知-M2；重庆-2023-未知-M3；重庆-2023-未知-M4,2023年公务员多省联考《申论》题（重庆一卷）题及参考答案.pdf,高,通过强清洗，可进入候选池,
SL-00632,2023,省考,重庆,通用卷,2,,贯彻执行,应用文/事务文书,假如你是调研组⼯作⼈员，请根据“给定材料3”，拟写⼀份调研报告提纲。（25分）,"（1）紧扣资料，内容全⾯；
（2）准确简明，有逻辑性；
（3）不超过500字。",3；，,25,不超过500字,,重庆-2023-未知-M1；重庆-2023-未知-M2；重庆-2023-未知-M3；重庆-2023-未知-M4,2023年公务员多省联考《申论》题（重庆一卷）题及参考答案.pdf,高,通过强清洗，可进入候选池,
SL-00637,2023,省考,重庆,通用卷,1,1,申论综合,待细分,"假如你是F县住建局工作人员，请根据“给定材料1”，为本县村民拟写一份农村自建
房建设流程。（15分）","（1）紧扣资料，内容全面；
（2）条理清晰，语言准确；
（3）字数不超过300字。",1；，,15,不超过300字,基层治理；乡村振兴,重庆-2023-未知-M1；重庆-2023-未知-M2；重庆-2023-未知-M3；重庆-2023-未知-M4,2023年公务员多省联考《申论》题（重庆三卷）及参考答案.pdf,高,通过强清洗，可进入候选池,
SL-00638,2023,省考,重庆,通用卷,1,2,综合分析,解释评价/启示分析,"“给定材料2”提到“运用柔的方法，取得好的效果”。请谈谈对“柔”的理解。（20
分）",理解准确，分析透彻，简明扼要。不超过400字。,2,20,不超过400字,,重庆-2023-未知-M1；重庆-2023-未知-M2；重庆-2023-未知-M3；重庆-2023-未知-M4,2023年公务员多省联考《申论》题（重庆三卷）及参考答案.pdf,高,通过强清洗，可进入候选池,
SL-00639,2023,省考,重庆,通用卷,1,3,提出对策,对策措施,"假如你是蓝阳区城市管理局工作人员，请根据“给定材料3”，对步行街周边的问题进
行梳理分类，并分别提出解决建议。（25分）","（1）问题梳理全面、准确、有条理；
（2）所提建议具有针对性、可行性；
（3）不超过500字。",3,25,不超过500字,城市治理,重庆-2023-未知-M1；重庆-2023-未知-M2；重庆-2023-未知-M3；重庆-2023-未知-M4,2023年公务员多省联考《申论》题（重庆三卷）及参考答案.pdf,高,通过强清洗，可进入候选池,
SL-00640,2023,省考,重庆,通用卷,1,4,文章写作,大作文/议论文,"“给定材料4”中提到“以变促变，以新求新”，请结合对这句话的理解，参考给定资
料，联系实际，自选角度，自拟题目，写一篇文章。（40分）","（1）观点明确，见解深刻；
（2）参考给定材料，但不拘泥于给定材料；
（3）思路清晰，语言流畅；
（4）总字数1000字左右。
2023 年公务员多省联考《申论》题（重庆三卷）",4；，,40,1000字左右,,重庆-2023-未知-M1；重庆-2023-未知-M2；重庆-2023-未知-M3；重庆-2023-未知-M4,2023年公务员多省联考《申论》题（重庆三卷）及参考答案.pdf,高,通过强清洗，可进入候选池,
SL-00645,2000,省考,重庆,通用卷,1,,综合分析,解释评价/启示分析,"请根据“给
定资料 1”谈谈对“大美”一词的理解。(15 分)",全面、准确、有条理。不超过250字。,1；2；3,15,不超过250字,基层治理；生态环保；城市治理,重庆-未知-未知-M1；重庆-未知-未知-M2；重庆-未知-未知-M3；重庆-未知-未知-M4,2024 年公务员重庆省考《申论》（一卷）题及参考答案.pdf,高,通过强清洗，可进入候选池,
SL-00646,2000,省考,重庆,通用卷,1,1,申论综合,待细分,请根据“给定材料1”，梳理Q县处置农药包装废弃物的主要做法。（15分）,全面、准确，有条理，不超过300字。,1,15,不超过300字,,重庆-未知-未知-M1；重庆-未知-未知-M2；重庆-未知-未知-M3；重庆-未知-未知-M4,2024 年公务员重庆省考《申论》（三卷）题及参考答案.pdf,高,通过强清洗，可进入候选池,
SL-00647,2000,省考,重庆,通用卷,1,2,提出对策,对策措施,"请根据“给定材料2”，谈谈H区人力资源和社会保障局在推进劳动争议调解工作方面采取了哪
些措施。（20分）",分析全面，条理清晰；不超过300字。,2,20,不超过300字,,重庆-未知-未知-M1；重庆-未知-未知-M2；重庆-未知-未知-M3；重庆-未知-未知-M4,2024 年公务员重庆省考《申论》（三卷）题及参考答案.pdf,高,通过强清洗，可进入候选池,
SL-00648,2000,省考,重庆,通用卷,1,3,提出对策,对策措施,请根据“给定材料3”，梳理当前S县大学生租房存在的问题，并提出相应的解决建议。(25分),"（1）问题梳理全面、准确、有条理；（2）所提建议与问题相对应，具体明确、切实可行；
（3）不超过500字。",3,25,不超过500字,,重庆-未知-未知-M1；重庆-未知-未知-M2；重庆-未知-未知-M3；重庆-未知-未知-M4,2024 年公务员重庆省考《申论》（三卷）题及参考答案.pdf,高,通过强清洗，可进入候选池,
SL-00649,2000,省考,重庆,通用卷,1,4,文章写作,大作文/议论文,"“给定材料4”中提到“把握好这少和多，是对管理者的重大考验”。请深入思考这句话，参
考给定材料，联系实际，自选角度，自拟题目，写一篇文章。(40分)","（1）观点明确，见解深刻；（2）参考给定材料，但不拘泥于给资料；（3）思路清晰，语
言流畅；（4）总字数1000字左右。
2024 年公务员重庆省考《申论》题（三卷）",4；，；，,40,1000字左右,,重庆-未知-未知-M1；重庆-未知-未知-M2；重庆-未知-未知-M3；重庆-未知-未知-M4,2024 年公务员重庆省考《申论》（三卷）题及参考答案.pdf,高,通过强清洗，可进入候选池,
SL-00650,2000,省考,重庆,通用卷,1,1,归纳概括,概括要点,请根据“给定材料1”，概括A县探索“医养一体、两院融合”的主要举措。(15分),（1）全面准确；（2）分条列出；（3）不超过200字。,1,15,不超过200字,,重庆-未知-未知-M1；重庆-未知-未知-M2；重庆-未知-未知-M3；重庆-未知-未知-M4,2024 年公务员重庆省考《申论》（二卷）题及参考答案.pdf,高,通过强清洗，可进入候选池,
SL-00651,2000,省考,重庆,通用卷,1,2,申论综合,待细分,请根据“给定材料2”，谈谈裕民社区是如何创建充分就业社区的。（20分）,全面、准确，有条理，不超过300字。,2,20,不超过300字,基层治理；公共服务,重庆-未知-未知-M1；重庆-未知-未知-M2；重庆-未知-未知-M3；重庆-未知-未知-M4,2024 年公务员重庆省考《申论》（二卷）题及参考答案.pdf,高,通过强清洗，可进入候选池,
SL-00652,2000,省考,重庆,通用卷,1,3,提出对策,对策措施,"请根据“给定材料3”，对当前S县大学生租房面临的问题进行梳理，并提出相应的解决建议。
（25分）","（1）问题梳理全面、准确；（2）所提建议与问题相对应，具体明确、切实可行；（3）不
超过400字。",3,25,,,重庆-未知-未知-M1；重庆-未知-未知-M2；重庆-未知-未知-M3；重庆-未知-未知-M4,2024 年公务员重庆省考《申论》（二卷）题及参考答案.pdf,高,通过强清洗，可进入候选池,
SL-00653,2000,省考,重庆,通用卷,1,4,文章写作,大作文/议论文,"请根据“给定材料4”中提到“创新是有风险的，但它又是规避风险的最好方式”。请深入思
考这句话，参考给定材料，联系实际，自选角度，自拟题目，写一篇文章。（40分）","（1）观点明确，见解深刻；（2）参考给定材料，但不拘泥于给定材料；（3）思路清晰，
语言流畅；（4）总字数1000字左右。
2024 年公务员重庆省考《申论》题（二卷）",4；，；，,40,1000字左右,科技创新,重庆-未知-未知-M1；重庆-未知-未知-M2；重庆-未知-未知-M3；重庆-未知-未知-M4,2024 年公务员重庆省考《申论》（二卷）题及参考答案.pdf,高,通过强清洗，可进入候选池,
SL-00654,2003,省考,广东,通用卷,1,,文章写作,大作文/议论文,"问题一：有条理地概述给定材料的主要内容，字数不超过200字。(本题20分)
问题二：请就给定材料所反映的问题，提出比较有针对性的解决方案。","(1)意见合理，具体可行；(2)
条理清楚，语言简明；(3)字数不超过300字。(本题30分)
问题三：通过对所给材料的分析和理解，自选某一角度，自拟题目，写一篇1000字左右的文章。要求：联
系实际，观点鲜明，条理清楚，语言流畅。(本题50分)
2003 年上半年广东省公务员录用考试申论试题",,20,不超过200字,,广东-2003-未知-M30,2003年广东公务员考试《申论》真题卷及答案.pdf,高,通过强清洗，可进入候选池,
SL-00662,2008,省考,广东,通用卷,1,,文章写作,大作文/议论文,（一）材料7中反映了哪几个主要问题？请用200字左右的篇幅将其概括出来。,"概括全面，条理清楚，语言流畅。（20分）
（二）根据材料5，用不超过300字的篇幅，简要提出政府进一步强化义工工作的措施。
要求：措施全面、可行、操作性强，条理清晰。（30分）
（三）根据所给全部材料（仅限所给材料），以“提高社会救助水平的对策”为题，写一篇800字左右的策
论型文章。
要求：结构完整，措施全面、可行、操作性强，条理清晰，行文流畅。（50分）",7；5，,20,200字左右,,,2008年广东公务员考试《申论》真题卷及答案.pdf,高,通过强清洗，可进入候选池,
SL-00671,2011,省考,广东,通用卷,1,,文章写作,大作文/议论文,请根据材料1—3，用不超过300字的篇幅，概括出我国现阶段职业病发病的特点。（30分）,"概括准确，条理清晰，语言流畅。
（二）请根据材料6，用不超过200字的篇幅，分析说明“张海超事件”中职业病诊断鉴定难的主要原因。（20
分）
要求：分析全面，思路清晰，语言流畅。
（三）请针对材料所反映的问题（仅限所给的材料），以“加强我国职业病防治工作”为题，写一篇800字左
右的策论文章。（50分）
要求：结构完整、条理清晰、行文流畅，措施全面、针对性强、具有可操作性。
2011年广东省公务员录用考试《申论》试题",1—3，；6，,30,不超过300字,,,2011年广东公务员考试《申论》真题卷及答案.pdf,高,通过强清洗，可进入候选池,
SL-00677,2013,省考,广东,通用卷,1,,归纳概括,概括要点,请根据材料4，概括D市在强化外来人口服务管理中的具体做法。（20分）,要求：准确、全面、有条理。篇幅不超过200字。,4，,20,不超过200字,,,2013年广东公务员考试《申论》真题卷及答案.pdf,高,通过强清洗，可进入候选池,
SL-00678,2013,省考,广东,通用卷,2,,综合分析,解释评价/启示分析,请根据材料5和材料6，分析提炼出“网格化”管理模式的主要特点。（30分）,准确恰当，条理清晰，语言流畅。篇幅不超过300字。,5和；6，,30,不超过300字,,,2013年广东公务员考试《申论》真题卷及答案.pdf,高,通过强清洗，可进入候选池,
SL-00679,2013,省考,广东,通用卷,3,,文章写作,大作文/议论文,请结合全部材料，以“管理和服务”为题目，撰写一篇议论文。（50分）,"1、文章主题应与所给材料相关，思想性强；
2、论点正确、鲜明，论据准确、充分，论证严密、合乎逻辑；
3、结构完整，条理清晰，行文流畅；
4、篇幅在800——1000字。",，,50,,,,2013年广东公务员考试《申论》真题卷及答案.pdf,高,通过强清洗，可进入候选池,
SL-00683,2014,省考,广东,通用卷,1,,文章写作,大作文/议论文,"请根据会议发言情况，就进一步完善本市公共
自行车服务提出建议。（20分）","所提建议合理、有针对性，条理清晰，表达准确。篇幅不超过200字。
4.请结合全部给定材料，以“绿色发展”为题目，撰写一篇议论文。（50分）
要求：
（1）文章主题应与所给材料联系紧密，思想性强；
（2）论点鲜明，论据确凿，论证严密、合乎逻辑；
（3）结构完整，条理清晰，行文流畅；
（4）篇幅在800-1000字。",，,20,不超过200字,生态环保,广东-2014-未知-M30,2014年广东省公务员考试《申论》参考答案.pdf,高,通过强清洗，可进入候选池,
SL-00684,2015,省考,广东,通用卷,2,,归纳概括,概括要点,"请根据材料1,概括说明A镇在建立乡镇（街道）领导干部驻点普遍直接联系群众制度中的具体做法。",总结全面，概括准确；表达清晰；篇幅不超过200字。,"1,",,不超过200字,基层治理；群众工作,广东-2015-未知-M30,2015年广东公务员考试《申论》真题卷及答案（乡镇级）两套答案.pdf,高,通过强清洗，可进入候选池,
SL-00685,2015,省考,广东,通用卷,3,,归纳概括,概括要点,"假如你是B镇政府的一名干部，在今年强对流天气多发季节到来前，镇领导安排你负责做好防灾减灾
工作，请根据材料2,列出今年防台风工作的重点。",考虑全面，安排合理；符合实际，有效可行；篇幅不超过200字。,"2,",,不超过200字,,广东-2015-未知-M30,2015年广东公务员考试《申论》真题卷及答案（乡镇级）两套答案.pdf,高,通过强清洗，可进入候选池,
SL-00686,2015,省考,广东,通用卷,4,,提出对策,对策措施,"假如你是C区农业部门的工作人员，请根据材料3,就如何破解当地荔枝产业发展提出建议。",考虑全面，思路清晰；符合实际，有效可行；篇幅不超过300字。,"3,",,不超过300字,乡村振兴；经济发展,广东-2015-未知-M30,2015年广东公务员考试《申论》真题卷及答案（乡镇级）两套答案.pdf,高,通过强清洗，可进入候选池,
SL-00687,2015,省考,广东,通用卷,5,,综合分析,解释评价/启示分析,"请根据材料4,分析说明D县在加强农村基层治理方面取得的成功经验。",分析全面，说明透彻；条理清晰，表达准确；篇幅不超过300字,"4,",,不超过300字,基层治理；乡村振兴,广东-2015-未知-M30,2015年广东公务员考试《申论》真题卷及答案（乡镇级）两套答案.pdf,高,通过强清洗，可进入候选池,
SL-00688,2015,省考,广东,通用卷,6,,归纳概括,概括要点,"请根据材料1,概括说明A镇在建立乡镇(街道)领导干部驻点普遍直接联系群众制度中的具体做法。",总结全面，概括准确;表达清晰;篇幅不超过200字。,"1,",,不超过200字,基层治理；群众工作,广东-2015-未知-M30,2015年广东公务员考试《申论》真题卷及答案（乡镇级）两套答案.pdf,高,通过强清洗，可进入候选池,
SL-00689,2015,省考,广东,通用卷,7,,归纳概括,概括要点,"假如你是B镇政府的一名干部，在今年强对流天气多发季节到来前，镇领导安排你负责做好防灾减
灾工作，请根据材料2,列出今年防台风工作的重点。",考虑全面，安排合理;符合实际，有效可行;篇幅不超过200字。,"2,",,不超过200字,,广东-2015-未知-M30,2015年广东公务员考试《申论》真题卷及答案（乡镇级）两套答案.pdf,高,通过强清洗，可进入候选池,
SL-00695,2015,省考,广东,通用卷,9,,综合分析,解释评价/启示分析,"请根据材料4,分析说明D县在加强农村基层治理方面取得的成功经验。",分析全面，说明透彻;条理清晰，表达准确;篇幅不超过300字。,"4,",,不超过300字,基层治理；乡村振兴,广东-2015-未知-M30,2015年广东公务员考试《申论》真题卷及答案（乡镇级）两套答案.pdf,高,通过强清洗，可进入候选池,
SL-00696,2015,省考,广东,县级卷,1,,归纳概括,概括要点,"请根据材料2，简要概
括A市推行权利清单制度取得的效果。（10分）",概括全面、准确，条理清晰。篇幅不超过100字。,2，；4，；6，,10,不超过100字,,,2015年广东公务员考试《申论》真题卷及答案（县级）两套答案.pdf,高,通过强清洗，可进入候选池,
SL-00698,2016,省考,广东,通用卷,2,,提出对策,对策措施,"请根据资料6，就进一步加强网络诚信建设提出建
议。（20分）",建议合理、有针对性，条理清晰，表达准确。篇幅不超过200字。,6，；3；3,20,不超过200字,基层治理；法治政府；文化教育,广东-2016-未知-M30；广东-2016-未知-M1；广东-2016-未知-M2；广东-2016-未知-M3；广东-2016-未知-M4；广东-2016-未知-M6,2016年广东公务员考试《申论》真题卷及答案（乡镇级）含详细解析.pdf,高,通过强清洗，可进入候选池,
SL-00699,2016,省考,广东,县级卷,1,,文章写作,大作文/议论文,"请根据全部给定材料（仅限给定材料）【①根据全篇材料，提炼观点并对其进行论证；②“仅限给定材料”，
说明挖掘材料可以得高分。由此可见，广东申论写作客观性极强】，以“提高创新能力，促进创新发展”为题，
【①命题作文，题目无须自拟；②主题为创新；③标题中都是对策，所以作文重点写对策，即：如何提高、如何
创新】写一篇策论文。【确定作文侧重写对策，根据广东考情，对策全部从材料中找就可以。正面材料可直接概
括对策要点，负面材料由问题反推出对策】（本题50分）","（1）对策合理，有针对性【根据材料直接摘抄概括对策，或者由问题反推对策】。
（2）条理清晰，论证严密，合乎逻辑【①文章整体结构体现总分总、总分、分总形式；论点之间体现并列、
递进关系；②要有论证过程：提出论点，分析论证论点，提出具体措施】。
（3）结构完整，表达准确，行文流畅【①形式上：标题-开头-正文-结尾；内容上：提出问题-分析问题-解
决问题；②紧扣材料，摘抄整合关键词，高度概括；语句通顺，无错字病句，段与段之间过渡承接自然】。
（4）篇幅在800-1000字。",，；，,50,800-1000字,科技创新,广东-2016-县级-M30；广东-2016-县级-M1；广东-2016-县级-M3；广东-2016-县级-M4；广东-2016-县级-M2；广东-2016-县级-M5；广东-2016-县级-M6；广东-2016-县级-M7；广东-2016-县级-M8；广东-2016-县级-M9；广东-2016-县级-M10；广东-2016-县级-M11；广东-2016-县级-M12,2016年广东公务员考试《申论》真题卷及答案（县级）含详细解析.pdf,高,通过强清洗，可进入候选池,
SL-00700,2017,省考,广东,通用卷,1,,归纳概括,概括要点,请根据材料1-3，指出分享经济的发展对我国经济社会产生的积极影响。（本题20分）,1.概括全面、准确;2.条理清晰;3.篇幅不超过200字。,1-3，；5-7，；，,20,不超过200字,基层治理；经济发展,广东-2017-未知-M30,2017年广东公务员考试《申论》真题卷及答案（乡镇级）.pdf,高,通过强清洗，可进入候选池,
SL-00701,2017,省考,广东,县级卷,1,.1,综合分析,解释评价/启示分析,"篇幅不超过300字。
问题二：根据给定材料2，分析说明B镇推动菠萝产业发展的成功经验。（30分）
要求","1.归纳全面，准确；2.条理清楚；3.语言流畅；
4.篇幅不超过300字。",1；2，；3，,30,不超过300字,文化教育；经济发展,广东-2017-县级-M30,2017年广东公务员考试《申论》真题卷及答案（县级）.pdf,高,通过强清洗，可进入候选池,
SL-00702,2017,省考,广东,县级卷,1,.2,提出对策,对策措施,"分析全面，说明透彻；2.条例清晰，表达准确，3.篇幅不超过300字。
问题三：请根据材料3，就破解C镇休闲旅游发展难题提出对策。（40分）
要求","1.归纳全面，准确；2.条理清楚；3.语言流畅；
4.篇幅不超过300字。",1；2，；3，,30,不超过300字,文化教育；经济发展,广东-2017-县级-M30,2017年广东公务员考试《申论》真题卷及答案（县级）.pdf,高,通过强清洗，可进入候选池,
SL-00704,2018,省考,广东,通用卷,1,,归纳概括,概括要点,请根据材料1，总结广东技工教育的经验做法，并简要说明。（本题20分）,总结全面，表达准确，条理清晰。篇幅不超过200字。,1，；2、3、4，；1，,20,不超过200字,公共服务；文化教育；经济发展,,2018年广东公务员考试《申论》真题及答案.pdf,高,通过强清洗，可进入候选池,
SL-00714,2021,省考,广东,县级卷,1,,归纳概括,概括要点,"请根据材料2，概括“数字政府”建设在优化政府管理与服务中的作用。
（20 分）",概括全面、准确，条理清晰；篇幅不超过200 字。,2，；5；，,20,不超过200字,科技创新；经济发展,广东-2021-县级-M1；广东-2021-县级-M2；广东-2021-县级-M3；广东-2021-县级-M4；广东-2021-县级-M5；广东-2021-县级-M6；广东-2021-县级-M7,2021年广东省公务员考试申论真题及答案（县级卷）.pdf,高,通过强清洗，可进入候选池,
SL-00716,2022,省考,广东,通用卷,1,1,归纳概括,概括要点,根据给定材料，简要概括大坪镇新时代文明实践所的作用。（ 分）,概括全面、表达准确、条理清晰；篇幅不超过 字。,，,,,文化教育,,2022年广东省公务员考试申论真题及答案（乡镇卷）.pdf,高,通过强清洗，可进入候选池,
SL-00717,2022,省考,广东,通用卷,1,2,归纳概括,概括要点,"根据给定材料，谈谈小林村的 美 主要体现在哪些方面。（ 分）
“ ” 15",概括全面，提炼准确，条理清晰，篇幅不超过 字。,，,,,基层治理,,2022年广东省公务员考试申论真题及答案（乡镇卷）.pdf,高,通过强清洗，可进入候选池,
SL-00718,2022,省考,广东,通用卷,1,3,归纳概括,概括要点,"突遇寒潮天气，福垌村百香果受灾严重，大坪镇应如何应对？根据给定材料，列出工作
要点。（ 分）",考虑全面，切实可行，有针对性；篇幅不超过 字。,，,,,基层治理,,2022年广东省公务员考试申论真题及答案（乡镇卷）.pdf,高,通过强清洗，可进入候选池,
SL-00719,2022,省考,广东,通用卷,1,4,综合分析,解释评价/启示分析,"根据给定材料，假如你是大坪镇新入职干部，这次撂荒耕地复耕复种工作的顺利完成，
对你今后做好基层工作有哪些启示？（ 分）",观点正确，理解深刻，条理清晰，篇幅不超过 字。,，,,,基层治理,,2022年广东省公务员考试申论真题及答案（乡镇卷）.pdf,高,通过强清洗，可进入候选池,
SL-00720,2022,省考,广东,通用卷,1,5,提出对策,对策措施,根据给定材料中宋霞了解到的情况，为大坪镇进一步推进农业现代化提出建议。（ 分）,考虑全面、有针对性、可行性强；篇幅不超过 字。,,,,乡村振兴,,2022年广东省公务员考试申论真题及答案（乡镇卷）.pdf,高,通过强清洗，可进入候选池,
SL-00723,2000,省考,广东,通用卷,1,1,归纳概括,概括要点,"请根据材料2，概括2024年全省高质量发展大会上，广东就“推进产业科技创新、发
展新质生产力”提出的主要举措。（20分）",要求：概括全面、准确，条理清晰。篇幅不超过200字。,2，,20,不超过200字,科技创新；经济发展,,2024 年公务员广东省考《申论》题（一卷）及参考答案.pdf,高,通过强清洗，可进入候选池,
SL-00724,2000,省考,广东,通用卷,1,2,提出对策,对策措施,"假如你是G市高质量发展座谈会组织人员。请根据材料8中的与会代表发言，梳理问
题并提出相应对策建议。（30分）","1.紧扣材料，梳理全面，对策建议具有针对性、合理性。2.表达准确，条理清晰。篇
幅不超过300字。",8；，,30,不超过300字,,,2024 年公务员广东省考《申论》题（一卷）及参考答案.pdf,高,通过强清洗，可进入候选池,
SL-00725,2000,省考,广东,通用卷,1,3,文章写作,大作文/议论文,"2023年4月，习近平总书记在广东视察时强调，实现高水平科技自立自强，是中国式
第 8 页 共 11 页
现代化建设的关键；广东要在提升科技自立自强能力方面继续走在全国前列。请结合给定
材料，联系广东实际，围绕“高水平科技自立自强”，自拟题目，撰写一篇议论文。（50
分）","1.紧扣主题，思想深刻。2.论点鲜明，论据确凿，论证严密、合乎逻辑。3.与给定材
料联系紧密。4.结构完整，条理清晰，行文流畅，篇幅1000字左右。
第 9 页 共 11 页
2024 年公务员广东省考《申论》题（一卷）",，,50,1000字左右,科技创新,,2024 年公务员广东省考《申论》题（一卷）及参考答案.pdf,高,通过强清洗，可进入候选池,
SL-00726,2000,省考,广东,通用卷,1,1,归纳概括,概括要点,"请根据材料2，概括2024年全省高质量发展大会上，广东就“推进产业科技创新、发
展新质生产力”提出的主要举措。(20分)",概括全面、准确、条理清晰，篇幅不超过200字。,2，,20,不超过200字,科技创新；经济发展,,2024 年公务员广东省考《申论》题（二卷）及参考答案.pdf,高,通过强清洗，可进入候选池,
SL-00727,2000,省考,广东,通用卷,1,2,提出对策,对策措施,"材料5中反映了Z市在推进“百县千镇万村高质量发展工程”中的一些问题，调研组
拟向领导汇报调研发现问题，并提出对策建议，假如你是调研组员，请草拟汇报主要内容。
(30分)）","(1)汇报内容包括问题和对策建议：(2)紧扣材料，梳理全面，对策建议具有针对性；
(3)表达准确，条理清晰；(4)篇幅不超过300字。",5；，,30,不超过300字,基层治理,,2024 年公务员广东省考《申论》题（二卷）及参考答案.pdf,高,通过强清洗，可进入候选池,
SL-00728,2000,省考,广东,通用卷,1,3,文章写作,大作文/议论文,"问题三：高质量发展是全面建设社会主义现代化国家的首要任务，请结合给定材料，
联系实际，围绕“百千万工程”是广东推动高质量发展的头号工程，自拟题目，撰写一篇
议论文。(50分)","1.紧扣主题，思想深刻。2.论点鲜明，论据确凿，论证严密、合乎逻辑。3.与给定材
料联系紧密。4.结构完整，条理清晰，行文流畅，要求字数800-1000字。",，,50,800-1000字,,,2024 年公务员广东省考《申论》题（二卷）及参考答案.pdf,高,通过强清洗，可进入候选池,
